,Blasts_cyt_area_median,Blasts_nuc_area_median,Blasts_nuc_perimeter_median,Blasts_nuc_solidity_median,Blasts_nuc_eccentricity_median,Blasts_nuc_compactness_median,Blasts_cell_area_median,Blasts_cell_perimeter_median,Blasts_cell_solidity_median,Blasts_cell_eccentricity_median,Blasts_cell_compactness_median,Blasts_cell_N:C-ratio_median,Blasts_cyt_area_95_range,Blasts_nuc_area_95_range,Blasts_nuc_perimeter_95_range,Blasts_nuc_solidity_95_range,Blasts_nuc_eccentricity_95_range,Blasts_nuc_compactness_95_range,Blasts_cell_area_95_range,Blasts_cell_perimeter_95_range,Blasts_cell_solidity_95_range,Blasts_cell_eccentricity_95_range,Blasts_cell_compactness_95_range,Blasts_cell_N:C-ratio_95_range,Erythroblasts_cyt_area_median,Erythroblasts_nuc_area_median,Erythroblasts_nuc_perimeter_median,Erythroblasts_nuc_solidity_median,Erythroblasts_nuc_eccentricity_median,Erythroblasts_nuc_compactness_median,Erythroblasts_cell_area_median,Erythroblasts_cell_perimeter_median,Erythroblasts_cell_solidity_median,Erythroblasts_cell_eccentricity_median,Erythroblasts_cell_compactness_median,Erythroblasts_cell_N:C-ratio_median,Erythroblasts_cyt_area_95_range,Erythroblasts_nuc_area_95_range,Erythroblasts_nuc_perimeter_95_range,Erythroblasts_nuc_solidity_95_range,Erythroblasts_nuc_eccentricity_95_range,Erythroblasts_nuc_compactness_95_range,Erythroblasts_cell_area_95_range,Erythroblasts_cell_perimeter_95_range,Erythroblasts_cell_solidity_95_range,Erythroblasts_cell_eccentricity_95_range,Erythroblasts_cell_compactness_95_range,Erythroblasts_cell_N:C-ratio_95_range,Neutrophils_cyt_area_median,Neutrophils_nuc_area_median,Neutrophils_nuc_perimeter_median,Neutrophils_nuc_solidity_median,Neutrophils_nuc_eccentricity_median,Neutrophils_nuc_compactness_median,Neutrophils_cell_area_median,Neutrophils_cell_perimeter_median,Neutrophils_cell_solidity_median,Neutrophils_cell_eccentricity_median,Neutrophils_cell_compactness_median,Neutrophils_cell_N:C-ratio_median,Neutrophils_cyt_area_95_range,Neutrophils_nuc_area_95_range,Neutrophils_nuc_perimeter_95_range,Neutrophils_nuc_solidity_95_range,Neutrophils_nuc_eccentricity_95_range,Neutrophils_nuc_compactness_95_range,Neutrophils_cell_area_95_range,Neutrophils_cell_perimeter_95_range,Neutrophils_cell_solidity_95_range,Neutrophils_cell_eccentricity_95_range,Neutrophils_cell_compactness_95_range,Neutrophils_cell_N:C-ratio_95_range,Living_cells-Blasts_proportion,Living_cells-Erythroblasts_proportion,Living_cells-Neutrophils_proportion,Living_cells-Granulopoetic_cells_proportion,Living_cells-Erythropoetic_cells_proportion,Living_cells-Granulocytes_proportion,Living_cells-APL_proportion,Blasts-HYPERGRANULATED_proportion,Blasts-BILOBED_proportion,Blasts-AUER_proportion,APL-HYPERGRANULATED_proportion,APL-BILOBED_proportion,APL-AUER_proportion,Erythroblasts-ASYNCHRONY_proportion,Erythroblasts-DYSMORPHIC_proportion,Erythroblasts-MITOTIC_proportion,Blasts-VACUOLI_proportion,Neutrophils-VACUOLI_proportion
Sample_1,2981.494140625,8447.9501953125,353.0340576171875,0.964226245880127,0.6396301984786987,0.8182158470153809,11364.1875,405.98175048828125,0.9811022281646729,0.5725106000900269,0.8513927459716797,0.7389999628067017,5368.368792724607,8288.14604492187,233.50811576843262,0.2457809016108513,0.5502641633152962,0.4059373140335083,12843.73039550779,253.13916320800774,0.2295794457197189,0.49318882972002026,0.3362294644117355,0.28054617941379545,2808.193359375,2059.876708984375,179.22055053710938,1.0,0.42997464537620544,0.8895057439804077,5110.66455078125,285.5110168457031,0.9683220982551575,0.5883379578590393,0.8429595232009888,0.42911297082901,3496.8048095703125,3558.1434326171875,169.2443904876709,0.18740993738174438,0.4270072989165783,0.2753994017839432,4646.3082275390625,148.08894729614258,0.28600750863552094,0.5674943327903748,0.3327708840370178,0.49591465666890144,,,,,,,,,,,,,,,,,,,,,,,,,0.6116504854368932,0.3883495145631068,0.0,0.0,0.3883495145631068,0.0,0.6116504854368932,0.037037037037037035,0.23809523809523808,0.0,0.037037037037037035,0.23809523809523808,0.0,0.041666666666666664,0.0,0.0,0.1693121693121693,
Sample_10,3947.98828125,8723.681640625,369.5488586425781,0.9526396989822388,0.5856825113296509,0.8180225491523743,11964.6640625,430.5627136230469,1.0,0.5362482070922852,0.8509011268615723,0.6972007751464844,10303.386889648436,11579.704907226554,250.72146759033194,0.21154150813817973,0.5703836634755135,0.3702086120843887,17701.360534667954,377.0317916870117,0.18029770553112034,0.5375469535589218,0.3364395260810852,0.3512396618723869,3428.904541015625,3102.702880859375,212.8094024658203,0.997551679611206,0.4402078688144684,0.9105623364448547,7162.36083984375,330.01422119140625,0.9704539775848389,0.6179232001304626,0.8131088018417358,0.4734818935394287,5304.050830078125,6342.3697753906235,229.36119995117184,0.19992470741271973,0.5599603444337843,0.3313903689384461,8710.402246093749,250.75374755859374,0.2150437831878662,0.5119681656360626,0.3431251049041747,0.5387550055980682,6029.6708984375,6898.39892578125,348.7757568359375,0.9689304232597351,0.7052948474884033,0.7124744057655334,12254.2353515625,407.8511047363281,0.9492161870002747,0.44142428040504456,0.8608596920967102,0.5579961538314819,6592.53466796875,5872.3428955078125,274.4021759033203,0.29722172021865845,0.36767587065696716,0.5342479646205902,8234.490234375,149.60520935058594,0.20705974102020264,0.4307250678539276,0.32578012347221375,0.4524911791086197,0.4973544973544973,0.3915343915343915,0.1111111111111111,0.1111111111111111,0.3915343915343915,0.1111111111111111,0.4973544973544973,0.0,0.2765957446808511,0.0,0.0,0.2765957446808511,0.0,0.19594594594594594,0.006756756756756757,0.04054054054054054,0.2393617021276596,0.19047619047619047
Sample_100,4006.4423828125,9258.1650390625,381.1102294921875,0.968578577041626,0.5896289348602295,0.8186620473861694,14175.751953125,461.4307556152344,0.974722146987915,0.5268423557281494,0.8373992443084717,0.6940747499465942,9989.090881347656,10048.7705078125,223.92718505859375,0.20784129202365875,0.6496649757027626,0.3522242531180382,17799.77734375,338.94388580322266,0.18083469569683075,0.5758751481771469,0.3557712063193321,0.38314372673630714,2352.875,2247.645751953125,173.80377197265625,0.9943159818649292,0.3756107687950134,0.9154940247535706,4432.9287109375,263.4696350097656,0.9679213762283325,0.5469262003898621,0.817188560962677,0.5272573828697205,1985.1550842285155,7835.613847351073,202.7965934753418,0.20813418924808502,0.4866103978827593,0.27120472043752675,9205.243121337891,213.17465782165516,0.23312914371490479,0.5865754932165146,0.29976957887411115,0.4540225222706794,5066.5703125,6086.474609375,344.0164794921875,0.9031534194946289,0.6748440265655518,0.6930614709854126,10263.443359375,381.6958312988281,0.9974027276039124,0.45096680521965027,0.8587526082992554,0.5189064741134644,5838.7193786621065,5531.309490966793,195.5712516784668,0.3362503528594971,0.4037126719951627,0.5852235421538352,9126.871801757808,176.7443939208984,0.22321027815341954,0.43235395029187196,0.30516478568315497,0.3371732488274574,0.6402266288951841,0.17847025495750707,0.1813031161473088,0.1813031161473088,0.17847025495750707,0.1813031161473088,0.6402266288951841,0.03982300884955752,0.2610619469026549,0.004424778761061947,0.03982300884955752,0.2610619469026549,0.004424778761061947,0.0,0.0,0.0,0.2345132743362832,0.03125
Sample_11,4172.2021484375,10659.734375,407.4738464355469,0.9972981214523315,0.6338680982589722,0.8103890419006348,14311.85546875,476.52142333984375,1.0,0.6062042713165283,0.8165290951728821,0.7354215383529663,7400.369686889645,11827.155932617186,273.72136306762684,0.1528505519032478,0.48397313430905337,0.32570278644561756,17285.805200195304,348.15751342773433,0.181728421151638,0.42949071526527405,0.3532270595431327,0.3279076620936393,2563.48828125,2245.210693359375,181.31088256835938,0.9849482774734497,0.3748776912689209,0.889451265335083,4827.35400390625,277.20062255859375,0.967251181602478,0.49477535486221313,0.8468266725540161,0.5005313158035278,4673.203419494625,6186.783386230467,241.5691606521606,0.1770887315273285,0.4122958663851023,0.301590022444725,9426.8506652832,250.10266647338864,0.19975230246782305,0.6505874298512935,0.3335504814982414,0.5680087594315409,4503.50244140625,5169.09716796875,386.7137451171875,0.878186821937561,0.6507815718650818,0.47191324830055237,10546.744140625,420.52587890625,0.9869687557220459,0.5173649191856384,0.8441592454910278,0.5103728771209717,5556.631298828124,3640.349365234375,371.138949584961,0.39899562597274785,0.3681535840034485,0.6818543136119842,6965.65751953125,177.00108642578124,0.16011040210723881,0.3546243607997894,0.28166184425354,0.3414204597473144,0.22255192878338279,0.6468842729970327,0.13056379821958458,0.13056379821958458,0.6468842729970327,0.13056379821958458,0.22255192878338279,0.013333333333333334,0.0,0.0,0.013333333333333334,0.0,0.0,0.04128440366972477,0.0,0.0,0.10666666666666667,0.0
Sample_12,3485.28564453125,11453.6611328125,384.0191650390625,1.0,0.567466139793396,0.8768563270568848,15208.6826171875,405.3668518066406,0.8874556422233582,0.4601145088672638,0.8300874829292297,0.7350755929946899,8618.018505859374,15648.27685546875,193.44440307617185,0.19972960948944096,0.4825352668762207,0.23172417879104612,24053.0888671875,260.1571533203125,0.14881581664085386,0.474343478679657,0.20841293931007387,0.14890130758285525,2708.3896484375,3038.884521484375,211.65966796875,0.9909654259681702,0.4074975550174713,0.8848739862442017,5378.7041015625,286.82794189453125,0.9731354117393494,0.5437459945678711,0.8356249928474426,0.5270242094993591,7130.612646484375,7146.58955078125,196.70797271728517,0.2020358443260193,0.4931588292121889,0.23925942182540894,12982.481591796877,303.37335510253905,0.20746375322341915,0.5336266398429871,0.3543072581291199,0.46214101314544676,4300.64453125,6113.0810546875,390.09100341796875,0.8402678966522217,0.7289682626724243,0.49236613512039185,10480.38671875,397.12384033203125,0.9459367990493774,0.5207180976867676,0.8580760359764099,0.5741238594055176,4175.833441162109,6003.125701904297,387.4999473571775,0.32215106934309,0.3485564962029457,0.5717681549489498,6238.117773437498,198.14224319457992,0.19767100512981417,0.588905994221568,0.2638344630599022,0.3809422776103019,0.08668730650154799,0.5356037151702786,0.37770897832817335,0.37770897832817335,0.5356037151702786,0.37770897832817335,0.08668730650154799,0.0,0.2857142857142857,0.0,0.0,0.2857142857142857,0.0,0.046242774566473986,0.046242774566473986,0.0,0.07142857142857142,0.05737704918032787
Sample_13,6100.19970703125,11203.4375,416.507568359375,0.9397054314613342,0.5980672836303711,0.7821129560470581,16897.232421875,501.4017333984375,0.9848872423171997,0.5592867732048035,0.8517464399337769,0.6605944037437439,10452.604379272458,13031.720263671874,255.00188980102536,0.18987558931112292,0.7030020803213115,0.41626225709915154,19707.80102539062,299.0110603332519,0.20147054046392443,0.6064042627811431,0.3551443457603455,0.35456364005804053,2524.97119140625,2245.87060546875,184.53622436523438,0.9864195585250854,0.37824252247810364,0.887047529220581,4885.4072265625,267.99249267578125,0.9791514873504639,0.5555226802825928,0.8568582534790039,0.5033069849014282,2697.0819641113276,4541.6265762329085,180.92081775665272,0.19353194236755367,0.5772546593099832,0.27689648419618607,7157.489056396471,165.20187072753907,0.22523917853832243,0.6059113897383213,0.3526177510619163,0.5673659645020962,4964.240234375,5426.779296875,392.58734130859375,0.8379257917404175,0.6751406192779541,0.5136302709579468,10411.447265625,400.1871032714844,1.0,0.378818154335022,0.896706223487854,0.5407266020774841,4060.320196533203,3515.6368835449207,196.43367691040038,0.3623974323272705,0.47105079144239426,0.48986050933599434,4367.5492187499985,159.3753402709961,0.18305048495531084,0.36837596893310515,0.2757202118635178,0.28213578686118124,0.38819875776397517,0.43478260869565216,0.17701863354037267,0.17701863354037267,0.43478260869565216,0.17701863354037267,0.38819875776397517,0.0,0.536,0.008,0.0,0.536,0.008,0.014285714285714285,0.0,0.02857142857142857,0.344,0.017543859649122806
Sample_14,4041.13232421875,9491.2841796875,368.053466796875,0.992838978767395,0.5860981345176697,0.748569130897522,13123.8125,434.0776672363281,0.9526270627975464,0.5489501357078552,0.8237355947494507,0.695340096950531,6539.06982421875,6467.108056640623,164.9231170654295,0.25403728485107424,0.7312188506126401,0.2749134182929992,10983.561865234367,251.33700866699218,0.19434314072132108,0.5855394542217254,0.3459015876054764,0.36553830504417417,2403.0498046875,2123.796875,181.44943237304688,0.9939430952072144,0.4379131495952606,0.9064644575119019,5355.26123046875,275.92132568359375,0.9954850077629089,0.5475939512252808,0.848941445350647,0.49974560737609863,4321.193212890624,5381.902984619138,212.75182037353503,0.19616246819496153,0.46359239220619197,0.2768983125686646,7527.259033203123,227.22952270507804,0.21686527729034422,0.6998950004577629,0.35511714220046997,0.567395034432411,5598.880859375,5692.78271484375,358.5315856933594,0.8707807064056396,0.7501890063285828,0.5608329176902771,10871.900390625,404.3070068359375,0.9123008251190186,0.5422524213790894,0.8727107644081116,0.523993194103241,3445.5267089843755,3673.6787109375005,234.62709350585942,0.4120043635368347,0.5289086818695068,0.5528032809495926,4947.561328125001,198.62167968749998,0.21815057992935183,0.43123795688152317,0.3236832737922668,0.2704760730266571,0.3717105263157895,0.5098684210526315,0.11842105263157894,0.11842105263157894,0.5098684210526315,0.11842105263157894,0.3717105263157895,0.0,0.46017699115044247,0.035398230088495575,0.0,0.46017699115044247,0.035398230088495575,0.03870967741935484,0.0,0.0064516129032258064,0.24778761061946902,0.0
Sample_15,5620.0078125,9333.552734375,384.5765380859375,0.9873536229133606,0.6873034238815308,0.8472551703453064,16180.619140625,494.97308349609375,0.9587620496749878,0.4793896973133087,0.8813897371292114,0.6356088519096375,5065.104626464843,8111.537976074218,180.6364158630371,0.26346095204353337,0.4356325797736645,0.24074850827455518,12275.698754882813,199.69064025878907,0.28235793113708496,0.35730686411261564,0.26804405897855765,0.20732626840472224,2760.587890625,3085.108642578125,218.63699340820312,0.9797389507293701,0.3825920820236206,0.8993117809295654,5725.15234375,295.5777282714844,0.9705781936645508,0.49380064010620117,0.8430584669113159,0.5095176696777344,4213.333529663087,5984.746701049806,173.9049797058106,0.17542301267385485,0.5244152531027794,0.3051920160651207,8606.1673828125,231.61450653076173,0.21594513803720472,0.6046249981969597,0.28601619154214863,0.331617696583271,5591.640625,5681.310546875,369.3253173828125,0.8863354325294495,0.7846418619155884,0.5669657588005066,11021.189453125,404.97216796875,0.9875098466873169,0.4730459153652191,0.8846402764320374,0.5308578014373779,7198.554785156248,5570.210791015623,210.03542480468752,0.3117178678512573,0.4721029877662658,0.5227422058582305,6247.6275390625,201.48095703125,0.19187815189361568,0.6008362114429473,0.24571287631988525,0.4646269381046295,0.17786561264822134,0.35968379446640314,0.4624505928853755,0.4624505928853755,0.35968379446640314,0.4624505928853755,0.17786561264822134,0.0,0.3111111111111111,0.0,0.0,0.3111111111111111,0.0,0.054945054945054944,0.0,0.07692307692307693,0.06666666666666667,0.11965811965811966
Sample_16,4637.599609375,9954.2421875,395.7232360839844,0.9395391941070557,0.5851312875747681,0.7859784960746765,15269.724609375,484.1128234863281,0.9435522556304932,0.5724326968193054,0.8233240246772766,0.6983892917633057,6452.497607421874,13499.391186523435,295.35214385986313,0.21228373050689697,0.48171444535255437,0.34683304131031034,16232.148999023437,353.8082817077636,0.19864698350429533,0.4790401719510555,0.3333838939666748,0.43348018229007723,2570.53173828125,2674.2607421875,196.9344482421875,0.9760884046554565,0.3621743321418762,0.8981372117996216,5359.9619140625,281.8041076660156,0.9708192348480225,0.563217282295227,0.8652554750442505,0.5176180601119995,3620.982003784179,5382.429260253904,168.67288417816155,0.254371064901352,0.4427171543240547,0.31190137863159184,7013.477075195313,196.0135017395019,0.21932938843965533,0.456893744319677,0.3761137053370476,0.43707141727209087,5146.3837890625,6359.25830078125,417.4419250488281,0.801352858543396,0.6638329029083252,0.48850351572036743,11375.2197265625,402.80926513671875,0.9688400030136108,0.41026613116264343,0.8797186613082886,0.551482081413269,3775.3599243164062,3711.001007080078,354.74404525756836,0.31140803545713425,0.44724610820412636,0.5206252131611109,5265.9354248046875,175.37230682373047,0.1469850018620491,0.47936588153243065,0.2540791854262352,0.24795753881335258,0.288135593220339,0.4576271186440678,0.2542372881355932,0.2542372881355932,0.4576271186440678,0.2542372881355932,0.288135593220339,0.0,0.07058823529411765,0.023529411764705882,0.0,0.07058823529411765,0.023529411764705882,0.044444444444444446,0.0,0.05185185185185185,0.35294117647058826,0.013333333333333334
Sample_17,2764.00732421875,9032.5927734375,361.9290466308594,0.9926709532737732,0.580715537071228,0.8264874219894409,11865.7607421875,417.0169982910156,0.9966327548027039,0.5531782507896423,0.8605915307998657,0.760817289352417,7267.627355957031,8970.14556884766,253.55485458374028,0.23641017824411392,0.45066578611731545,0.4096244171261787,12920.083654785163,256.4529075622559,0.24739884883165364,0.5068230405449868,0.27618488967418664,0.3266786769032478,2123.31298828125,2159.5517578125,181.10751342773438,0.9921398758888245,0.41217079758644104,0.9021866917610168,4291.673828125,256.1770324707031,0.9840874671936035,0.5590614676475525,0.8394762277603149,0.5356787443161011,4199.959970092767,6898.080320739743,209.17092781066893,0.17235037535429,0.5519975215196607,0.2761737048625946,9233.785791015616,220.2977725982665,0.20533666312694554,0.6353260457515715,0.3377985209226608,0.5728371214121576,,,,,,,,,,,,,,,,,,,,,,,,,0.3355263157894737,0.6578947368421053,0.006578947368421052,0.006578947368421052,0.6578947368421053,0.006578947368421052,0.3355263157894737,0.029411764705882353,0.18627450980392157,0.0,0.029411764705882353,0.18627450980392157,0.0,0.005,0.0,0.0,0.0,
Sample_18,5084.044921875,8769.650390625,375.0532531738281,0.9472308158874512,0.608737587928772,0.79460608959198,13838.7822265625,483.6336975097656,0.9868531227111816,0.5771770477294922,0.8597860336303711,0.6520354151725769,18943.191043090777,36922.18818359364,452.4043449401845,0.19061219245195393,0.36075512245297425,0.2463535502552986,50167.21914062483,767.9916625976543,0.17762259095907207,0.4226366937160491,0.36162600070238105,0.4083045944571495,2338.648681640625,2147.441650390625,176.2712860107422,0.9986576437950134,0.4329766035079956,0.8951350450515747,4427.0419921875,259.7245788574219,0.9848467111587524,0.5050277709960938,0.8500609397888184,0.4853557050228119,5066.999716186524,4952.89443283081,169.09898796081535,0.2271884128451347,0.5278034340590237,0.28321631252765656,8595.185632324217,230.91223983764647,0.21384406387805943,0.5743260629475117,0.3700403898954392,0.5483687147498131,5142.70654296875,6129.5185546875,390.3907165527344,0.8252281546592712,0.7616536617279053,0.5018115043640137,11251.3095703125,407.61041259765625,0.9876803755760193,0.44810765981674194,0.9050402045249939,0.5350366830825806,7006.354248046875,4195.396777343749,238.06601257324215,0.33139026165008545,0.6653061568737031,0.5764710128307342,7129.843554687499,183.69663696289058,0.18335045576095577,0.45907537043094626,0.2295543313026428,0.3778523862361908,0.14652014652014653,0.5054945054945055,0.34798534798534797,0.34798534798534797,0.5054945054945055,0.34798534798534797,0.14652014652014653,0.05,0.125,0.0,0.05,0.125,0.0,0.007246376811594203,0.014492753623188406,0.0,0.3,0.16842105263157894
Sample_19,4559.693359375,8442.7578125,383.3315734863281,0.9987302422523499,0.5486982464790344,0.8301662802696228,13110.6025390625,440.01318359375,1.0,0.5449951887130737,0.8688637614250183,0.6816478371620178,6630.263439941404,12486.286425781247,234.24808807373046,0.19232169687747958,0.500574891269207,0.32082487642765034,16652.255200195304,278.2544174194334,0.17189582288265226,0.43193155974149683,0.2554836332798004,0.2430537402629852,2716.3134765625,2578.900146484375,195.04342651367188,0.9812154173851013,0.40015488862991333,0.8949003219604492,5248.82666015625,284.86822509765625,0.978190004825592,0.6213200688362122,0.8502218127250671,0.4922500252723694,4614.0338134765625,5994.099609375,168.41060256958008,0.22192400693893433,0.48332948237657547,0.2839469313621521,11675.460205078125,256.1393585205078,0.2671271562576294,0.5145324766635895,0.3951505124568939,0.46849559992551804,5769.40966796875,6428.234375,394.31488037109375,0.8865975141525269,0.6975381970405579,0.6325829029083252,12684.7109375,445.521728515625,0.9924482107162476,0.3766399025917053,0.8746889233589172,0.5169653296470642,5804.583789062498,5838.776763916012,238.93003692626945,0.3153678879141808,0.42922829240560534,0.374120683223009,7360.296264648436,110.85934371948241,0.20627611428499226,0.4951893406920135,0.2638844400644301,0.33907791078090666,0.358695652173913,0.5471014492753623,0.09420289855072464,0.09420289855072464,0.5471014492753623,0.09420289855072464,0.358695652173913,0.030303030303030304,0.30303030303030304,0.0,0.030303030303030304,0.30303030303030304,0.0,0.11258278145695365,0.0,0.0,0.09090909090909091,0.0
Sample_2,4157.451171875,8816.224609375,369.19525146484375,0.9787989854812622,0.5992200970649719,0.8053351044654846,12564.767578125,424.99676513671875,0.986757755279541,0.5173187255859375,0.8677650094032288,0.7121884226799011,7143.661444091797,14383.766503906249,290.3048889160156,0.19845043718814848,0.5806936174631119,0.35717853009700773,19720.815087890624,365.31792602539065,0.20251566171646118,0.7322929419577122,0.29130584299564355,0.3279033333063125,2426.135498046875,2405.2880859375,186.98776245117188,1.0,0.4425548315048218,0.8886103630065918,4863.591796875,277.8653564453125,0.984686017036438,0.48394954204559326,0.8542354702949524,0.5105759501457214,2837.697094726559,4771.1984786987305,176.39854564666743,0.2016063928604126,0.49885173253715037,0.3110386297106743,6375.546813964842,194.3481239318846,0.21906680166721348,0.628471318259835,0.37688038498163223,0.44652500599622724,7179.3076171875,5960.736328125,365.87738037109375,0.8886728286743164,0.7383580207824707,0.5972168445587158,12900.015625,438.38238525390625,0.9696340560913086,0.5645612478256226,0.8106454610824585,0.4569966197013855,5093.143725585937,2776.853527832031,178.84904556274415,0.24333967864513395,0.4786984995007515,0.48548227995634075,4687.84921875,264.04118118286135,0.13765430003404622,0.19687875509262082,0.19339683800935736,0.2627970397472381,0.5132743362831859,0.40412979351032446,0.08259587020648967,0.08259587020648967,0.40412979351032446,0.08259587020648967,0.5132743362831859,0.011494252873563218,0.1781609195402299,0.022988505747126436,0.011494252873563218,0.1781609195402299,0.022988505747126436,0.021897810218978103,0.058394160583941604,0.0,0.2413793103448276,0.03571428571428571
Sample_20,4304.8134765625,9738.423828125,392.58941650390625,1.0,0.6126697659492493,0.8161685466766357,13762.41015625,458.69390869140625,0.996428370475769,0.5616665482521057,0.8405675292015076,0.7021142840385437,10300.021240234368,9750.887158203122,228.17539062499986,0.23389167785644527,0.5969051741063595,0.3533765777945518,18316.928857421874,322.02105255126935,0.22432136684656145,0.5335935041308401,0.229611738026142,0.3872571170330048,2705.26806640625,2390.531494140625,186.495361328125,0.996589720249176,0.39203324913978577,0.8939578533172607,5609.6953125,286.5913391113281,0.9829074144363403,0.5265276432037354,0.8381627202033997,0.4955722391605377,4425.834643554687,6399.9875,186.25029907226553,0.18793410062789917,0.4397426277399063,0.2952725887298584,8659.14204101562,242.96447448730464,0.22702167034149168,0.6036375373601912,0.3407442688941955,0.5227331131696697,6670.3330078125,6173.18115234375,403.5811767578125,0.866188645362854,0.8238219618797302,0.5717377066612244,13773.6591796875,436.9742126464844,1.0,0.44014808535575867,0.8916642665863037,0.4765545725822449,7457.368896484375,6186.8795166015625,218.67333984375,0.3461225926876068,0.46451398730278015,0.37827035784721375,6021.65576171875,217.81103515625,0.12915265560150146,0.4085684195160866,0.3313142955303192,0.4335811510682106,0.19141914191419143,0.7062706270627063,0.10231023102310231,0.10231023102310231,0.7062706270627063,0.10231023102310231,0.19141914191419143,0.0,0.20689655172413793,0.0,0.0,0.20689655172413793,0.0,0.06074766355140187,0.0,0.0,0.22413793103448276,0.25806451612903225
Sample_21,3045.391845703125,9377.23046875,376.4085693359375,0.9718855023384094,0.5714573860168457,0.7944208383560181,12543.109375,424.934326171875,0.9778480529785156,0.553824245929718,0.866940438747406,0.7440474033355713,10238.07780456543,14169.342529296875,283.07139739990237,0.16393858194351196,0.5671605952084064,0.33195956647396074,23057.80087890625,300.2320365905762,0.17373876571655278,0.5288914974778889,0.25013829618692396,0.27286100834608074,2560.57763671875,2391.25390625,175.8089141845703,0.9902228116989136,0.4640657305717468,0.8812296986579895,5091.98974609375,279.2805480957031,0.9328027963638306,0.5918077826499939,0.8429595232009888,0.48484086990356445,3588.387030029294,5189.8430297851555,188.7873546600341,0.16435462832450864,0.46471517384052263,0.2891470491886139,8535.41176757812,174.2199447631836,0.2118013292551041,0.4333602100610733,0.41427895426750183,0.5133679054677486,4122.3291015625,5148.4228515625,383.5001525878906,0.7869488000869751,0.6891663074493408,0.436796098947525,9280.8779296875,357.99188232421875,1.0,0.5754879117012024,0.8500358462333679,0.5664367079734802,1272.2836059570313,2966.616162109375,268.2240631103516,0.2974149942398072,0.3287575870752335,0.33569339960813516,2257.2734375,146.92458801269532,0.11685184240341184,0.4912019938230514,0.35019417405128483,0.17724732160568246,0.29411764705882354,0.4369747899159664,0.2689075630252101,0.2689075630252101,0.4369747899159664,0.2689075630252101,0.29411764705882354,0.02857142857142857,0.34285714285714286,0.0,0.02857142857142857,0.34285714285714286,0.0,0.038461538461538464,0.0,0.0,0.22857142857142856,0.0
Sample_22,4243.63232421875,8719.3203125,374.4527282714844,0.978215217590332,0.6325197815895081,0.8130602836608887,12962.9521484375,423.8952331542969,0.9723672270774841,0.5617403984069824,0.8902168273925781,0.6863439679145813,7108.069000244141,8031.579443359375,227.67551879882814,0.16733193993568418,0.47527858018875124,0.3311978816986084,14252.134521484377,238.75821228027343,0.19787167906761172,0.5233594566583635,0.3065543353557587,0.30302529335021977,2380.29541015625,2073.01416015625,167.4489288330078,0.9846523404121399,0.38868868350982666,0.8993896842002869,4583.3408203125,270.8258361816406,0.9660958051681519,0.6212270259857178,0.8439617156982422,0.4879508316516876,5503.563232421871,4919.977856445313,194.55442047119143,0.1753203272819519,0.6062126129865646,0.2665043354034424,8418.783154296872,230.72225646972652,0.24222420454025273,0.6387410342693328,0.31836953163146975,0.4738243669271469,4730.15234375,6402.7509765625,357.7218017578125,0.8443019986152649,0.665021538734436,0.6070443391799927,11169.3212890625,379.5155029296875,0.9483789205551147,0.4394751191139221,0.8767856359481812,0.5901596546173096,9846.276049804686,6581.052490234375,290.17562713623045,0.3852096363902092,0.5176060609519479,0.6964761532843113,9386.45703125,209.25692749023438,0.23737293481826782,0.672389568388462,0.29345437437295907,0.5559613592922688,0.17559523809523808,0.5357142857142857,0.28869047619047616,0.28869047619047616,0.5357142857142857,0.28869047619047616,0.17559523809523808,0.0,0.0847457627118644,0.0,0.0,0.0847457627118644,0.0,0.022222222222222223,0.0,0.0,0.3050847457627119,0.030927835051546393
Sample_23,6106.0556640625,10749.4091796875,415.1839599609375,0.979933500289917,0.5624930262565613,0.8308448195457458,17094.08984375,498.9549255371094,0.9897817373275757,0.48030906915664673,0.842652440071106,0.646062970161438,13363.149829101567,20082.625683593753,334.5768188476564,0.22656619548797607,0.5193266451358796,0.35457309484481814,32141.970117187506,463.07379150390625,0.18436409235000606,0.45244404673576355,0.38713346719741826,0.3732320487499238,3396.87890625,3006.38818359375,220.83572387695312,0.9925076961517334,0.41986456513404846,0.8867120742797852,6831.7890625,315.05511474609375,0.971950113773346,0.5412065982818604,0.8512331247329712,0.4992333650588989,7771.190646362305,7811.013865661621,218.94365711212157,0.14255561083555224,0.5052906300872565,0.2993194818496704,12562.714520263675,358.2651195526124,0.2271282404661179,0.47949007004499444,0.3080697789788246,0.4784120231866837,5439.525390625,5714.7509765625,371.4443359375,0.8198868036270142,0.7752727270126343,0.517238438129425,11788.283203125,427.50445556640625,1.0,0.5462408065795898,0.822248101234436,0.49828165769577026,2079.184765625,2281.9219726562496,98.98977661132812,0.272483891248703,0.2542735874652863,0.5309352844953537,2633.0745117187507,89.26676940917969,0.10343124270439152,0.547756889462471,0.1679849088191986,0.14304918646812442,0.5761772853185596,0.3961218836565097,0.027700831024930747,0.027700831024930747,0.3961218836565097,0.027700831024930747,0.5761772853185596,0.0,0.23076923076923078,0.02403846153846154,0.0,0.23076923076923078,0.02403846153846154,0.17482517482517482,0.06293706293706294,0.0,0.5192307692307693,0.0
Sample_24,3457.379638671875,8946.7666015625,360.3050537109375,0.9657868146896362,0.5987972617149353,0.8281276822090149,12306.0458984375,407.5842590332031,1.0,0.5379534959793091,0.8652949333190918,0.7533780932426453,7973.733288574219,13859.225097656257,274.7137847900391,0.209296989440918,0.4588413655757904,0.3113312959671021,19456.86005859375,323.87957763671875,0.16273823976516721,0.4910626471042633,0.3642974972724915,0.3323538303375244,2984.81298828125,2354.40087890625,186.75588989257812,0.9946502447128296,0.39669451117515564,0.9006034731864929,5154.21435546875,286.8885498046875,0.9724075198173523,0.5493572950363159,0.8417143821716309,0.45505648851394653,3780.761865234375,6418.987496948243,178.18777389526363,0.1765407234430313,0.5101365428417921,0.28683006465435024,8923.273590087887,212.3049518585205,0.2160533145070076,0.5255906261503696,0.2995209455490112,0.5622772872447968,6121.9892578125,6500.822265625,420.77203369140625,0.8469065427780151,0.7752354145050049,0.49585390090942383,12946.46875,420.54608154296875,0.9870858788490295,0.41067421436309814,0.8642230033874512,0.5198624134063721,3589.8355407714844,4535.8551025390625,116.65715789794922,0.2939336970448494,0.2753884494304657,0.27916040271520615,6245.8492431640625,179.21754455566406,0.19232505559921265,0.5121928956359625,0.27020465582609177,0.17943307012319565,0.39622641509433965,0.49056603773584906,0.11320754716981132,0.11320754716981132,0.49056603773584906,0.11320754716981132,0.39622641509433965,0.0380952380952381,0.21904761904761905,0.0,0.0380952380952381,0.21904761904761905,0.0,0.023076923076923078,0.0,0.015384615384615385,0.2857142857142857,0.0
Sample_25,2311.607421875,8381.376953125,350.098388671875,0.9774593114852905,0.5220303535461426,0.8190065026283264,10949.4912109375,397.5516357421875,1.0,0.5529738068580627,0.8367982506752014,0.7554712891578674,4224.36930847168,6916.4619140625,241.54253387451172,0.15772098302841187,0.538125179708004,0.3248424828052521,9985.754638671875,232.81153869628906,0.2036219984292984,0.6260779984295368,0.3371419310569763,0.24378342926502228,2766.173828125,2237.62841796875,182.37033081054688,0.998673677444458,0.38581371307373047,0.8709448575973511,5254.6376953125,282.1082763671875,0.9891590476036072,0.4474208354949951,0.8465079069137573,0.47286200523376465,3295.8847946167007,4816.756083679201,197.5077461242676,0.1821416229009628,0.44927915222942844,0.2481827780604362,7406.232220458986,240.83047142028818,0.2191981956362724,0.6481438484042886,0.33074584305286403,0.45402902513742455,5678.0810546875,5386.0439453125,374.8848571777344,0.8915592432022095,0.7668766975402832,0.5458033680915833,11117.841796875,403.4117431640625,0.9681605696678162,0.5493536591529846,0.8831603527069092,0.531482458114624,4292.349719238281,6107.389367675778,176.7522705078125,0.27951772212982173,0.6376382172107696,0.3403423331677912,7968.962182617188,228.66865081787103,0.18065288662910461,0.3432738475501537,0.29724433869123457,0.29101646021008487,0.3493150684931507,0.4589041095890411,0.1917808219178082,0.1917808219178082,0.4589041095890411,0.1917808219178082,0.3493150684931507,0.0,0.19607843137254902,0.0392156862745098,0.0,0.19607843137254902,0.0392156862745098,0.007462686567164179,0.007462686567164179,0.03731343283582089,0.14705882352941177,0.017857142857142856
Sample_26,4365.642578125,10265.86328125,403.4053955078125,0.9765979051589966,0.5268635749816895,0.7928279638290405,15138.818359375,473.57708740234375,0.9980288743972778,0.4616771340370178,0.8477147817611694,0.714466392993927,27751.515747070312,44697.91845703125,576.1752738952637,0.19893653690814972,0.47099414095282555,0.37005194276571274,72868.14208984375,880.5629119873047,0.2570255547761917,0.5611484125256538,0.3365030288696289,0.36923038214445114,2418.21142578125,3036.281005859375,210.18690490722656,1.0,0.4274381697177887,0.8970938324928284,5511.38671875,272.3078918457031,0.9750162363052368,0.6151480078697205,0.8079560995101929,0.5383080840110779,5080.87998046875,5265.990850830078,177.13167648315422,0.1813388049602509,0.3733701482415198,0.2651567757129669,9321.203613281248,215.74775543212888,0.143277895450592,0.6062093146145342,0.32294993102550507,0.30176337063312525,7004.431640625,6278.1494140625,360.21527099609375,0.9046639204025269,0.7910839915275574,0.5805402994155884,12635.404296875,435.8108825683594,0.9716365933418274,0.5004473924636841,0.8609281182289124,0.48671621084213257,6018.8304687499985,6993.579931640623,280.54689331054686,0.36278122663497925,0.4264675855636596,0.6242254555225373,7326.116796874998,212.49692993164052,0.18838715553283691,0.5119692623615264,0.31938562393188474,0.4738187819719313,0.5140845070422535,0.2323943661971831,0.2535211267605634,0.2535211267605634,0.2323943661971831,0.2535211267605634,0.5140845070422535,0.0,0.3561643835616438,0.0,0.0,0.3561643835616438,0.0,0.15151515151515152,0.0,0.045454545454545456,0.3219178082191781,0.09722222222222222
Sample_27,2491.4072265625,6336.39404296875,321.6935119628906,0.9554727077484131,0.6298049092292786,0.8700098991394043,8908.6630859375,394.2901916503906,1.0,0.6890302300453186,0.8362381458282471,0.755082368850708,4456.8031005859375,14507.53955078125,237.37183380126953,0.12221354246139526,0.6225507706403732,0.44560741633176804,17328.513671875,369.8268356323242,0.10316771268844604,0.6804459616541862,0.3100554496049881,0.2570580244064331,2698.036865234375,2656.934326171875,189.99867248535156,1.0,0.4046824872493744,0.8794068694114685,5562.091796875,294.16302490234375,0.9579614400863647,0.5727131962776184,0.839794397354126,0.5007978081703186,3996.036328125,5503.091235351563,193.22209930419922,0.16940317153930662,0.4177047073841095,0.2892646431922913,7688.621728515626,214.79017333984376,0.20039418935775755,0.46488843560218823,0.3435928463935852,0.4928615659475327,6994.79150390625,6173.18115234375,379.49774169921875,0.8335269093513489,0.8030915856361389,0.5381975769996643,13253.244140625,451.036865234375,0.9759142398834229,0.38044241070747375,0.8831738233566284,0.4931999742984772,9724.13098144531,6022.442138671873,318.1134155273437,0.32415347099304204,0.48761922419071196,0.5328491315245628,8559.939257812497,187.11368103027337,0.14508825540542603,0.41762411296367646,0.35335599780082705,0.4742594480514526,0.18846153846153846,0.55,0.26153846153846155,0.26153846153846155,0.55,0.26153846153846155,0.18846153846153846,0.061224489795918366,0.6122448979591837,0.0,0.061224489795918366,0.6122448979591837,0.0,0.02097902097902098,0.03496503496503497,0.0,0.02040816326530612,0.20588235294117646
Sample_28,2791.819091796875,9144.62109375,383.944091796875,0.9711357355117798,0.5887653827667236,0.8479052186012268,12678.2890625,437.1497802734375,0.9790130853652954,0.45032790303230286,0.8321727514266968,0.7550127506256104,7070.609512329102,10229.029846191406,265.0185661315918,0.19068674743175507,0.44975316897034645,0.28389498591423035,16041.253356933594,369.7988395690918,0.1600128784775734,0.5221286509186029,0.3273509666323662,0.34579792618751526,2897.78857421875,2379.449951171875,181.48397827148438,0.9886926412582397,0.4422345757484436,0.8873277306556702,5408.2861328125,287.55535888671875,0.9712457656860352,0.48374661803245544,0.8553787469863892,0.45182037353515625,3081.7036315917967,4840.57409210205,178.34530467987054,0.18481439352035522,0.47905411124229424,0.28156998157501223,6802.741534423827,188.5977596282959,0.2618711590766907,0.617926330864429,0.3625266447663307,0.49966155514121047,6484.64453125,6823.2568359375,418.90673828125,0.8606680631637573,0.745073139667511,0.5108627080917358,12928.89453125,416.6457214355469,0.9775981307029724,0.5645965337753296,0.8504515886306763,0.5306487679481506,4366.054052734373,8250.027697753903,268.3263343811035,0.24296760708093645,0.4125447034835815,0.5686662070453166,10795.289404296873,306.61977767944336,0.19611356854438777,0.46515221074223506,0.25629977136850346,0.281035329401493,0.26851851851851855,0.5771604938271605,0.15432098765432098,0.15432098765432098,0.5771604938271605,0.15432098765432098,0.26851851851851855,0.011494252873563218,0.14942528735632185,0.0,0.011494252873563218,0.14942528735632185,0.0,0.03208556149732621,0.026737967914438502,0.0106951871657754,0.09195402298850575,0.0
Sample_29,4836.47509765625,9795.65625,383.164306640625,0.971170961856842,0.5706583857536316,0.8274825215339661,15077.3671875,472.14422607421875,0.9764658808708191,0.523923397064209,0.8473257422447205,0.6848046779632568,8341.56672363281,11522.695019531251,236.3033309936523,0.20808967351913454,0.576605823636055,0.3526825994253159,17180.351391601558,355.7010208129882,0.18638546764850616,0.46398236006498333,0.3165459662675858,0.32636572420597076,2907.325927734375,2816.244140625,188.18157958984375,0.9999116063117981,0.4325839877128601,0.903109073638916,5540.1875,298.62091064453125,1.0,0.5427050590515137,0.8461326956748962,0.48523515462875366,4408.589489746094,6309.239637756348,205.82368335723876,0.224778239428997,0.3888710394501687,0.3121574968099594,10798.758557128911,246.31450805664062,0.24273737519979477,0.45522739514708527,0.3397841796278953,0.5072608545422554,5675.5439453125,4304.38818359375,275.5987243652344,1.0,0.7728580236434937,0.6284119486808777,9637.5537109375,367.4189453125,1.0,0.41132062673568726,0.8280327320098877,0.4776327610015869,1316.1049316406252,4128.624011230469,88.94842376708985,0.202279731631279,0.18827877640724178,0.20051367580890656,3707.493212890624,145.41515655517577,0.11530351638793945,0.07459186017513275,0.28019974529743197,0.22784735858440397,0.47115384615384615,0.4807692307692308,0.04807692307692308,0.04807692307692308,0.4807692307692308,0.04807692307692308,0.47115384615384615,0.034013605442176874,0.08163265306122448,0.047619047619047616,0.034013605442176874,0.08163265306122448,0.047619047619047616,0.03333333333333333,0.0,0.02,0.38095238095238093,0.0
Sample_3,5013.53466796875,10592.6005859375,394.7900085449219,0.9636186361312866,0.5313196778297424,0.836879312992096,15458.462890625,473.0728759765625,1.0,0.5377377271652222,0.8478648662567139,0.6790680289268494,7636.617004394533,10288.15263671875,209.88597106933588,0.21352468132972713,0.5076336488127708,0.36844935417175295,16701.504394531254,305.50135040283203,0.21634677350521092,0.6161211542785168,0.35119041502475734,0.3074271738529206,3329.48779296875,4010.6220703125,238.19329833984375,0.9750349521636963,0.45267626643180847,0.9024946689605713,7463.8828125,349.5105895996094,0.9808666706085205,0.5769040584564209,0.8517346382141113,0.5419167280197144,6436.444567871094,6768.017156982415,236.62898712158193,0.19250822067260742,0.5219016060233111,0.31391167640686035,10620.520385742184,250.82393493652316,0.2370420157909393,0.42361977100372306,0.34222521781921333,0.526749838888645,5072.8408203125,6908.07568359375,486.9792175292969,0.7515757083892822,0.7443601489067078,0.394244909286499,11773.8037109375,399.48223876953125,1.0,0.5127540826797485,0.8610973358154297,0.5707789659500122,7378.18764038085,5592.458044433587,136.41821823120108,0.26147442162036894,0.5402571864426136,0.16110067963600155,11556.45270996092,297.5495460510251,0.16184784322977064,0.22121297791600225,0.21378207355737688,0.16188875436782835,0.417910447761194,0.5199004975124378,0.06218905472636816,0.06218905472636816,0.5199004975124378,0.06218905472636816,0.417910447761194,0.0,0.16071428571428573,0.047619047619047616,0.0,0.16071428571428573,0.047619047619047616,0.27751196172248804,0.0430622009569378,0.0,0.39880952380952384,0.04
Sample_30,4641.5439453125,9944.6904296875,390.69476318359375,0.9409370422363281,0.5702274441719055,0.84427410364151,15186.107421875,470.04559326171875,0.9611522555351257,0.4934006929397583,0.8521015644073486,0.7090951800346375,7575.1834716796875,10486.6923828125,218.72021484375,0.19504070281982422,0.6064600646495819,0.3301515579223633,14222.4306640625,361.1383972167969,0.22166812419891357,0.5758523941040039,0.3554677367210388,0.2815707325935364,2905.765625,2368.1455078125,194.4707489013672,0.9992614984512329,0.41897064447402954,0.906103253364563,5332.568359375,284.80511474609375,0.9760729074478149,0.49514761567115784,0.8449975848197937,0.48252058029174805,5560.919262695311,6237.468977355952,217.040306854248,0.19330070614814754,0.5603518314659596,0.2475260108709335,10672.168566894532,352.3576438903807,0.2732886582612991,0.6093429222702976,0.2965357914566994,0.49555187337100504,6803.568359375,6569.15283203125,360.27447509765625,0.8735222816467285,0.788166880607605,0.5405110120773315,13360.609375,443.1246337890625,0.9967572689056396,0.35048907995224,0.8359267711639404,0.5156458616256714,5222.838604736327,5438.665911865234,215.67215194702146,0.2690779507160187,0.4294396936893463,0.40857558026909835,6974.699658203126,120.35197448730469,0.16933273226022716,0.4263303369283677,0.27735449373722076,0.32424867600202567,0.44673539518900346,0.39862542955326463,0.15463917525773196,0.15463917525773196,0.39862542955326463,0.15463917525773196,0.44673539518900346,0.015384615384615385,0.16153846153846155,0.0,0.015384615384615385,0.16153846153846155,0.0,0.07758620689655173,0.017241379310344827,0.0,0.2230769230769231,0.28888888888888886
Sample_31,5731.46484375,10726.73046875,415.2224426269531,0.9520186185836792,0.6605878472328186,0.7516190409660339,16013.5126953125,504.90008544921875,0.9727129936218262,0.563870906829834,0.8383606672286987,0.6372781991958618,11249.184942626951,10149.121899414062,212.5919128417969,0.2429962575435638,0.5600041285157203,0.3778217077255248,17550.948803710937,231.92689514160156,0.22918430864810946,0.49939863234758375,0.34272782951593395,0.3841383405029773,2250.99658203125,2450.568359375,195.5950164794922,0.9841141700744629,0.4016721248626709,0.873076319694519,4885.943359375,269.16522216796875,0.9620168209075928,0.5233509540557861,0.8548485040664673,0.5654864311218262,5214.941261291504,7663.461067199707,214.38363075256348,0.22448769956827164,0.5312090255320072,0.29316624253988266,12218.757598876953,292.3045902252197,0.21426444500684738,0.45989032834768295,0.3891986906528473,0.4724574275314808,7025.5263671875,6557.2080078125,366.4630126953125,0.8496677875518799,0.8366196155548096,0.5865753293037415,13601.5703125,437.7607421875,0.9960590600967407,0.46807199716567993,0.8457973003387451,0.48894473910331726,3947.51112060547,5258.6303283691395,236.83064804077145,0.314616896212101,0.3149208426475524,0.4272654742002487,7792.229248046875,237.10865249633787,0.19594737738370893,0.5696033675223588,0.27562950402498243,0.25454123541712753,0.2903225806451613,0.532258064516129,0.1774193548387097,0.1774193548387097,0.532258064516129,0.1774193548387097,0.2903225806451613,0.0,0.4444444444444444,0.011111111111111112,0.0,0.4444444444444444,0.011111111111111112,0.012121212121212121,0.0,0.0,0.34444444444444444,0.05454545454545454
Sample_32,3645.19384765625,9558.7314453125,384.80828857421875,0.9521003365516663,0.5732362866401672,0.8359805345535278,13670.34375,434.411865234375,0.9490753412246704,0.5369070172309875,0.8388606905937195,0.7489761710166931,5780.113415527345,6171.7342285156265,204.97823028564454,0.26772860288619993,0.29732017219066625,0.2625696241855622,10459.895263671875,199.35528869628905,0.1953783929347992,0.5304711341857911,0.20229226350784302,0.2997401833534241,2128.57568359375,2126.66845703125,175.2179718017578,1.0,0.4185723066329956,0.8926469087600708,4875.994140625,266.48583984375,1.0,0.5733505487442017,0.8403276205062866,0.5245842933654785,3369.4833221435547,5221.6104736328125,191.09504222869873,0.21595614403486252,0.4495678097009659,0.2740125060081482,7865.939758300781,255.57222175598145,0.20348775386810303,0.5909001491963863,0.3631618767976761,0.48657528683543205,4323.90673828125,6378.50390625,427.3562316894531,0.891865074634552,0.737464964389801,0.5008697509765625,10802.6162109375,391.0059814453125,0.976027250289917,0.47417327761650085,0.8945103883743286,0.6092158555984497,5388.830322265625,10433.4736328125,284.33721923828125,0.3061029314994812,0.6435985118150711,0.5116791427135468,11836.3642578125,223.07870483398438,0.1929340362548828,0.4782111346721649,0.29217207431793213,0.30108264088630676,0.18874172185430463,0.5463576158940397,0.26490066225165565,0.26490066225165565,0.5463576158940397,0.26490066225165565,0.18874172185430463,0.0,0.3157894736842105,0.0,0.0,0.3157894736842105,0.0,0.0,0.0,0.0,0.22807017543859648,0.0
Sample_33,3918.710205078125,8953.951171875,360.65753173828125,0.9563480615615845,0.609052836894989,0.8232879638671875,12627.5927734375,430.45172119140625,1.0,0.5607333183288574,0.849647581577301,0.7162903547286987,8737.54544067383,8945.278198242188,192.6939727783203,0.1908264011144638,0.4944185137748719,0.40730689465999614,15171.03618164063,236.79688415527346,0.22902915179729466,0.503921677172184,0.31477522552013393,0.33134087622165675,3041.662841796875,2143.83056640625,174.23138427734375,0.9576284885406494,0.45635783672332764,0.8858111500740051,5290.6396484375,280.00714111328125,0.9944813251495361,0.48586615920066833,0.8422539234161377,0.4413081407546997,3885.358447265624,4577.214793395995,169.2119613647461,0.25673818588256836,0.64229948669672,0.3211789324879646,6061.155181884765,190.8861061096191,0.22350645065307617,0.526789878308773,0.33234175443649294,0.5562037449330092,4269.20556640625,6554.09423828125,349.92694091796875,0.9088271856307983,0.6196298599243164,0.6245578527450562,10823.2998046875,374.3191223144531,0.8882408738136292,0.43625742197036743,0.981370210647583,0.6129841804504395,3443.1174804687503,2706.4052734375,73.32472839355466,0.23887216448783877,0.33813942074775694,0.3289834678173065,4266.4267578125,128.2136688232422,0.16708836555480955,0.542207482457161,0.16509189605712893,0.2887147098779679,0.6558823529411765,0.3058823529411765,0.03823529411764706,0.03823529411764706,0.3058823529411765,0.03823529411764706,0.6558823529411765,0.017937219730941704,0.2242152466367713,0.0,0.017937219730941704,0.2242152466367713,0.0,0.04807692307692308,0.0673076923076923,0.057692307692307696,0.2242152466367713,0.0
Sample_34,5102.025390625,10572.2431640625,397.8671569824219,0.9529854655265808,0.5803543925285339,0.8378946185112,15971.076171875,478.8910217285156,1.0,0.4944964647293091,0.8566189408302307,0.6723695993423462,8013.162933349609,9595.657836914062,200.29220581054688,0.212538480758667,0.648270558565855,0.322457030415535,12824.396240234375,261.2142028808594,0.18536710739135742,0.40142545104026794,0.31624116003513336,0.38620515912771225,2524.178466796875,2382.10791015625,193.4653778076172,0.9820666909217834,0.3881799578666687,0.8860841989517212,4999.68701171875,275.2772216796875,0.9622481465339661,0.5111228823661804,0.8872582912445068,0.4807010889053345,5125.013229370117,4877.959045410156,164.76953582763673,0.2340433776378632,0.48619024381041487,0.27822086215019226,9267.573303222656,187.00804443359357,0.21620751619338985,0.6158668607473367,0.3413514614105225,0.478908926993608,4155.82373046875,5254.203125,348.8204650878906,0.8749524354934692,0.729558527469635,0.5731083154678345,9221.6337890625,336.9736022949219,0.9089914560317993,0.5238551497459412,0.870606005191803,0.5813896656036377,1514.9409790039067,2354.125646972656,106.10997009277344,0.28599240183830266,0.30395871698856347,0.6112214997410774,2216.704150390624,131.78910064697266,0.24338439404964451,0.5237529963254929,0.30238331854343414,0.16369000077247614,0.4584837545126354,0.3862815884476534,0.1552346570397112,0.1552346570397112,0.3862815884476534,0.1552346570397112,0.4584837545126354,0.015748031496062992,0.30708661417322836,0.0,0.015748031496062992,0.30708661417322836,0.0,0.056074766355140186,0.0,0.0,0.2677165354330709,0.06976744186046512
Sample_35,3299.909423828125,8346.8447265625,346.2215881347656,0.9478786587715149,0.6286759972572327,0.8303248286247253,11377.5703125,422.55780029296875,0.9239659309387207,0.5965086817741394,0.8434807658195496,0.705938994884491,4512.3910217285165,9719.094775390626,248.79999694824227,0.24074558913707733,0.4332833915948868,0.31355736851692206,11634.474853515629,238.59839477539072,0.1622691214084625,0.5880622796714305,0.30125446021556856,0.3225409731268883,2722.155517578125,2192.99267578125,177.62890625,0.9753135442733765,0.3810311555862427,0.8830767869949341,5088.67529296875,277.8460693359375,0.9917724132537842,0.5589179992675781,0.8518054485321045,0.45075690746307373,5560.909553527831,5906.958920288086,183.34677562713617,0.20327039659023283,0.5302344791591164,0.28554822802543645,9744.93302001953,244.1613342285155,0.2227750554680824,0.572738783061504,0.32834446281194685,0.45434344634413715,4617.37890625,6264.224609375,409.7020263671875,0.8109628558158875,0.7823956608772278,0.5121669173240662,10543.490234375,396.6830139160156,0.9564887285232544,0.3803211748600006,0.8562983870506287,0.5658264756202698,5940.290283203125,4494.756774902344,191.36404418945312,0.3794119358062744,0.38517818599939346,0.38344312459230423,7016.89111328125,192.75875091552734,0.16241908073425293,0.5522202402353287,0.2815242409706116,0.3812991753220558,0.1452991452991453,0.5954415954415955,0.25925925925925924,0.25925925925925924,0.5954415954415955,0.25925925925925924,0.1452991452991453,0.0,0.39215686274509803,0.0,0.0,0.39215686274509803,0.0,0.12440191387559808,0.0,0.0,0.11764705882352941,0.02197802197802198
Sample_36,4184.76806640625,9627.4375,384.05865478515625,0.9682410955429077,0.5115785002708435,0.8177342414855957,13836.783203125,455.799072265625,1.0,0.5084021687507629,0.8681120276451111,0.7138283252716064,7784.562905883794,13333.618615722662,248.22481994628907,0.21540290415287022,0.6506492998450996,0.3243132472038269,17339.227319335943,280.1251930236817,0.23597558587789536,0.5966441445052624,0.33840386718511584,0.32211556285619747,2596.076904296875,2271.0263671875,186.21803283691406,0.9927846193313599,0.36213919520378113,0.9015435576438904,4843.291015625,262.81005859375,0.9533191919326782,0.5442598462104797,0.8532186150550842,0.4817967116832733,5863.414099121088,6966.240936279297,211.04274139404293,0.2195475280284882,0.577964917570352,0.306202432513237,10848.872802734375,253.4016563415526,0.220818892121315,0.5238124251365661,0.3400064289569854,0.4210399739444255,4655.2890625,5703.0576171875,377.5520324707031,0.8255230784416199,0.7430619597434998,0.5364000797271729,9671.3984375,372.6160583496094,1.0,0.490159273147583,0.8472087383270264,0.5266480445861816,15739.769360351565,6513.689416503907,178.23889770507816,0.3590445697307587,0.3777816578745842,0.4253396518528461,18272.035058593752,419.7881408691406,0.210901352763176,0.3323371976613998,0.23062701821327214,0.48481000289320947,0.5244956772334294,0.37175792507204614,0.1037463976945245,0.1037463976945245,0.37175792507204614,0.1037463976945245,0.5244956772334294,0.005494505494505495,0.10989010989010989,0.0,0.005494505494505495,0.10989010989010989,0.0,0.03875968992248062,0.0,0.03875968992248062,0.31868131868131866,0.08333333333333333
Sample_37,4884.947265625,9692.1845703125,392.32421875,0.9694692492485046,0.5503608584403992,0.8647152781486511,13854.353515625,464.29168701171875,0.9537145495414734,0.4948183000087738,0.8621678948402405,0.6636582612991333,4165.74094238281,7895.054028320311,163.62929992675765,0.22531084716320038,0.592496797442436,0.30385294854640965,10692.0669921875,263.0129806518553,0.17392157018184662,0.4317098215222357,0.3416228383779526,0.24250378608703616,2669.84716796875,2281.49755859375,175.03414916992188,0.9814363718032837,0.38697782158851624,0.9143943786621094,5089.2978515625,278.7626647949219,0.9794113039970398,0.5632672905921936,0.8226269483566284,0.4611307978630066,4019.264294433594,5397.342214965822,181.27543640136722,0.18505704402923584,0.5142481260001661,0.24422846436500545,8687.27069702149,239.90358047485356,0.1998212397098541,0.5109721980988982,0.3675152063369752,0.4942323319613934,,,,,,,,,,,,,,,,,,,,,,,,,0.25757575757575757,0.702020202020202,0.04040404040404041,0.04040404040404041,0.702020202020202,0.04040404040404041,0.25757575757575757,0.0,0.0,0.0,0.0,0.0,0.0,0.11510791366906475,0.0,0.0,0.2549019607843137,0.125
Sample_38,3771.91796875,10692.203125,379.70654296875,0.9637360572814941,0.5133524537086487,0.8462755680084229,13613.3828125,483.79510498046875,0.988143265247345,0.3078414797782898,0.9551304578781128,0.7145634889602661,13483.155462646484,10299.814294433589,126.30439071655269,0.10355484932661052,0.1655929356813431,0.23214090764522555,19090.254272460934,294.22592086791985,0.16818809509277344,0.3035654604434964,0.21520725637674332,0.445163793861866,2796.983642578125,3192.828125,200.3905029296875,0.9802343249320984,0.3926003873348236,0.8975993394851685,6090.6484375,299.63134765625,0.9850084185600281,0.4714720845222473,0.8621519804000854,0.5343585014343262,4595.694644165039,7647.11646118164,224.5048942565918,0.19591370970010757,0.6037459503859282,0.2857374057173728,10676.341198730468,259.4168430328369,0.21399321109056468,0.7002773467451334,0.3247530207037925,0.5486663315445185,5052.4091796875,5146.8798828125,376.2769470214844,0.8133935928344727,0.6990687251091003,0.4538232684135437,9564.0615234375,360.0237731933594,0.9688758254051208,0.40882381796836853,0.9092192053794861,0.48908981680870056,5524.9361328125,4188.294531250001,219.32614135742188,0.37763340473175044,0.4253995656967162,0.6803767263889313,5218.916796875001,147.1433532714844,0.263814115524292,0.2734796404838562,0.18773832321166994,0.4180405676364899,0.07662835249042145,0.7394636015325671,0.1839080459770115,0.1839080459770115,0.7394636015325671,0.1839080459770115,0.07662835249042145,0.0,0.05,0.0,0.0,0.05,0.0,0.06217616580310881,0.06217616580310881,0.0,0.3,0.020833333333333332
Sample_39,3343.702392578125,8537.2841796875,348.6558837890625,0.9858490824699402,0.6301698088645935,0.8304721117019653,12106.5771484375,418.4877624511719,1.0,0.4943304657936096,0.8602082133293152,0.7236696481704712,7967.024188232421,6051.19602050781,233.6326202392578,0.18864292800426485,0.42037306427955623,0.335548460483551,12532.34499511719,303.869790649414,0.18501480817794802,0.5024523481726646,0.25672187805175783,0.33034069389104836,3771.292724609375,2891.25048828125,205.0163116455078,0.9690629243850708,0.3476939797401428,0.9024538397789001,6982.41796875,320.8294677734375,0.9603546857833862,0.5439940690994263,0.8378951549530029,0.4652162492275238,6630.439752197262,6484.536575317382,184.25754089355468,0.19048021137714388,0.5225122518837453,0.3510602235794067,11873.564001464842,263.157893371582,0.22168699651956558,0.47736139670014377,0.3515957608819008,0.47895628176629534,6080.3310546875,5511.640625,349.79315185546875,0.8998841643333435,0.7721999883651733,0.6532992124557495,11648.3466796875,413.2648620605469,0.9815693497657776,0.504819929599762,0.8852096199989319,0.4905349314212799,15851.408642578126,5266.3869140625,206.86808166503909,0.27082086801528926,0.427672052383423,0.4439016997814179,14262.370312500001,299.1811584472657,0.2295102834701538,0.5752701401710512,0.2524864554405213,0.5368442714214324,0.372972972972973,0.33783783783783783,0.2891891891891892,0.2891891891891892,0.33783783783783783,0.2891891891891892,0.372972972972973,0.0,0.21014492753623187,0.0,0.0,0.21014492753623187,0.0,0.224,0.024,0.0,0.2753623188405797,0.06542056074766354
Sample_4,3722.6357421875,10123.873046875,384.4678649902344,0.9627898931503296,0.6284340023994446,0.8361018300056458,14761.09375,431.47314453125,1.0,0.6272700428962708,0.7962525486946106,0.756722629070282,4356.514019775391,11268.924584960936,309.6003158569335,0.2640791773796082,0.27368554919958105,0.2655944257974624,12999.350268554685,271.5728775024412,0.23412328362464907,0.3799872294068336,0.24757274985313393,0.309056144952774,2579.855712890625,2332.65576171875,180.87718200683594,0.9909364581108093,0.4275667667388916,0.9009437561035156,4726.16064453125,272.9166564941406,0.9672285914421082,0.4937720000743866,0.850975751876831,0.48884978890419006,3719.0654296875,5171.0030517578125,173.83727264404297,0.2416427731513977,0.42544159293174744,0.3350682258605957,7670.417236328125,215.06195068359375,0.1949029564857483,0.6313782930374146,0.3565900921821594,0.5882623642683029,6712.5810546875,6344.5849609375,394.96044921875,0.8506529927253723,0.7707507610321045,0.533051073551178,12758.1396484375,418.3204040527344,0.9873446822166443,0.4872877299785614,0.8897839784622192,0.4901682436466217,5024.566162109375,6116.917724609375,212.25653076171875,0.432372510433197,0.30564725399017334,0.5079931318759918,7265.349609375,169.11746215820312,0.18865418434143066,0.42224353551864624,0.3372332453727722,0.32110247015953064,0.20307692307692307,0.5384615384615384,0.25846153846153846,0.25846153846153846,0.5384615384615384,0.25846153846153846,0.20307692307692307,0.015151515151515152,0.5757575757575758,0.0,0.015151515151515152,0.5757575757575758,0.0,0.06285714285714286,0.0,0.005714285714285714,0.13636363636363635,0.08333333333333333
Sample_40,5126.58642578125,9389.9658203125,377.0823669433594,0.9961624145507812,0.6238396763801575,0.8464493155479431,13311.0029296875,455.6299743652344,1.0,0.6248335242271423,0.8087642192840576,0.6644318103790283,13210.0089111328,21039.743164062478,269.56661376953093,0.23910812139511106,0.5880163073539734,0.3505349516868591,30059.82207031246,389.43921508789015,0.1549788594245911,0.6012937664985656,0.3920061707496644,0.32635055184364314,2656.64794921875,2158.306396484375,177.61181640625,0.9820470809936523,0.40647414326667786,0.8802926540374756,4738.5078125,266.7312316894531,0.9726848006248474,0.561340868473053,0.8407849073410034,0.5060384273529053,4994.216479492186,6842.09793395996,254.70986900329586,0.18119420111179352,0.5447805196046827,0.28656916320323944,9643.613830566404,297.52911911010733,0.2322003901004791,0.60260152220726,0.3909093588590622,0.4930599868297576,5579.8642578125,4881.912109375,363.59820556640625,0.8540762066841125,0.8295353651046753,0.4116000831127167,11457.150390625,411.0103454589844,0.9780662059783936,0.5560846924781799,0.8420521020889282,0.48044973611831665,7404.877697753907,3077.121203613281,136.9132301330567,0.2019112393260002,0.2360598191618919,0.26533121764659884,7483.5070922851555,141.36865768432614,0.24097867608070378,0.4812420137226582,0.288999429345131,0.29638374522328376,0.2627118644067797,0.652542372881356,0.0847457627118644,0.0847457627118644,0.652542372881356,0.0847457627118644,0.2627118644067797,0.0,0.016129032258064516,0.06451612903225806,0.0,0.016129032258064516,0.06451612903225806,0.025974025974025976,0.0,0.006493506493506494,0.3709677419354839,0.0
Sample_41,3864.029296875,9605.720703125,382.1365966796875,0.9604232907295227,0.5606198310852051,0.8071211576461792,13666.005859375,458.69683837890625,1.0,0.5522521138191223,0.8507677912712097,0.7005311250686646,6949.876724243164,8109.977233886721,218.51133193969724,0.19457907676696773,0.6681096129119397,0.3873127862811089,13261.193322753908,258.3828559875489,0.19530055671930313,0.6971963688731194,0.36271156966686247,0.37933530434966084,2463.85693359375,2708.61181640625,198.99630737304688,0.9960428476333618,0.5084083080291748,0.8780940175056458,5105.1435546875,284.43267822265625,0.9657977223396301,0.5467164516448975,0.8359155058860779,0.5325114727020264,3951.64401245117,4242.25114440918,172.46297073364258,0.20962157100439072,0.48819907009601593,0.26134224683046337,7018.667523193359,235.62031288146966,0.20722932368516922,0.5070742249488829,0.3878353133797644,0.42756049185991285,5128.8359375,6467.40869140625,388.3182373046875,0.8371880054473877,0.6730555295944214,0.51967453956604,10883.001953125,394.1268615722656,0.9937421083450317,0.44081512093544006,0.8780697584152222,0.5558204650878906,3188.137591552734,4769.992620849608,299.8297721862793,0.287406662106514,0.5645217090845107,0.6499949514865875,5011.782446289062,216.05894775390624,0.20763278454542156,0.5341741774231196,0.2736492693424225,0.2947143740952015,0.4766081871345029,0.2894736842105263,0.23391812865497075,0.23391812865497075,0.2894736842105263,0.23391812865497075,0.4766081871345029,0.0,0.31901840490797545,0.018404907975460124,0.0,0.31901840490797545,0.018404907975460124,0.08080808080808081,0.0,0.0,0.25766871165644173,0.0
Sample_42,6828.603515625,10833.931640625,414.4402770996094,0.9586766362190247,0.6237571239471436,0.799403190612793,18041.365234375,500.4063720703125,1.0,0.5503427982330322,0.8591890335083008,0.6355321407318115,11020.526162719721,14594.093310546861,226.48603515624973,0.21098729223012924,0.6226592168211936,0.3745990753173828,16306.23642578124,269.7431953430176,0.18088430166244507,0.572329856827855,0.329439003765583,0.5180771604180335,3325.976318359375,2660.96240234375,199.47079467773438,0.9888408184051514,0.39174532890319824,0.8693272471427917,6261.74560546875,312.4888610839844,0.9819396138191223,0.5463812351226807,0.822318434715271,0.47768113017082214,8676.81874694824,5658.861132812499,192.06203536987297,0.24998382627964022,0.5904237203299998,0.2503303289413452,8372.147888183594,244.06336288452147,0.17434890866279606,0.5397926926612852,0.38121450245380406,0.6537855170667171,6834.4697265625,6443.05126953125,371.9437561035156,0.8965297937393188,0.767706036567688,0.5856342911720276,13278.208984375,452.12933349609375,0.9861472845077515,0.6207067966461182,0.8146487474441528,0.4909250736236572,6053.308099365234,7115.495880126953,271.0784851074219,0.17443855702877042,0.49153736308217044,0.40924004018306737,6722.7720947265625,128.6273231506347,0.12513083219528198,0.3508881941437721,0.3489154949784279,0.46532260626554495,0.5917721518987342,0.3575949367088608,0.05063291139240506,0.05063291139240506,0.3575949367088608,0.05063291139240506,0.5917721518987342,0.0,0.25668449197860965,0.0,0.0,0.25668449197860965,0.0,0.11504424778761062,0.035398230088495575,0.0,0.28342245989304815,0.0
Sample_43,3669.785400390625,8994.162109375,366.51959228515625,0.9827978610992432,0.5972754955291748,0.8189381957054138,12381.3173828125,423.1490478515625,0.9759421348571777,0.5161780714988708,0.8636415004730225,0.7397516369819641,6809.269116210935,15038.269226074219,289.6948760986328,0.17527546882629397,0.6733770735561846,0.3440844178199768,17781.453735351555,335.61190185546866,0.20757728815078735,0.6059544391930097,0.3053967624902725,0.30785392224788666,2100.04833984375,2659.494384765625,199.14794921875,1.0,0.4754243791103363,0.8723101615905762,4699.5263671875,262.08837890625,0.9763188362121582,0.4562772512435913,0.8517895936965942,0.4999096989631653,4335.085076904297,5027.8135986328125,181.7927732467651,0.19561418145895004,0.3532127544283864,0.2764171674847603,8532.158636474609,265.4658660888672,0.18395223766565327,0.4146473854780195,0.36727957278490064,0.5915676485747098,5642.111328125,6468.89892578125,361.27642822265625,0.8690344095230103,0.6990094184875488,0.5989125967025757,10780.890625,391.57794189453125,0.965606689453125,0.5412347316741943,0.8766355514526367,0.5159783363342285,4120.675048828125,2798.6495361328125,127.1030502319336,0.25961776822805405,0.43516575172543526,0.21563786268234253,5000.0584716796875,85.17091369628906,0.16916967928409576,0.3706129863858223,0.24625875800848007,0.24842087179422379,0.6643835616438356,0.1952054794520548,0.1404109589041096,0.1404109589041096,0.1952054794520548,0.1404109589041096,0.6643835616438356,0.005154639175257732,0.29896907216494845,0.0,0.005154639175257732,0.29896907216494845,0.0,0.017543859649122806,0.0,0.0,0.15979381443298968,0.0
Sample_44,5264.16748046875,10210.333984375,396.334228515625,0.9485833644866943,0.6109700202941895,0.8141883611679077,15712.28125,481.82623291015625,0.9385401606559753,0.6308991312980652,0.8359009027481079,0.6560839414596558,9700.840081787102,13526.581872558585,269.35218887329086,0.20490906685590748,0.47251419425010677,0.3277854591608047,18837.3557861328,323.05864028930654,0.16979336291551594,0.5253595329821108,0.303254087269306,0.4149495765566826,2630.467529296875,2009.5828857421875,163.60618591308594,1.0,0.40991535782814026,0.9066017866134644,4497.59912109375,270.0014953613281,0.9729627370834351,0.5978543162345886,0.8312633037567139,0.46560171246528625,4105.329589843749,4116.102185058593,169.13625183105466,0.1790675044059753,0.47242229580879214,0.252029013633728,5992.622851562501,208.1462249755859,0.21647828817367554,0.5876781225204468,0.36774562597274774,0.46309212446212766,5351.16357421875,6096.40673828125,330.585205078125,0.9212385416030884,0.7543196082115173,0.6537061333656311,10894.271484375,407.6883544921875,1.0,0.5943664908409119,0.8724533915519714,0.5283064842224121,4447.315820312499,4786.704052734372,184.6629516601562,0.28390142917633054,0.38002485036849976,0.5351349115371703,5426.6083984375,172.2685485839844,0.1879575371742248,0.30210673213005057,0.24858412742614744,0.3673754155635834,0.27710843373493976,0.5572289156626506,0.16566265060240964,0.16566265060240964,0.5572289156626506,0.16566265060240964,0.27710843373493976,0.021739130434782608,0.25,0.0,0.021739130434782608,0.25,0.0,0.032432432432432434,0.010810810810810811,0.0,0.18478260869565216,0.05454545454545454
Sample_45,3799.585205078125,10541.2197265625,381.81268310546875,1.0,0.5572145581245422,0.8125534057617188,14019.923828125,456.00555419921875,0.9977775812149048,0.5412321090698242,0.8890518546104431,0.7298185229301453,7146.786065673827,12462.49951171875,295.7040283203125,0.17289476394653325,0.6458158232271671,0.43385976552963257,16874.844970703125,310.0084884643554,0.24302324056625368,0.5513079181313514,0.3015830010175705,0.26294180154800406,2778.08642578125,2427.7763671875,194.5625,0.9804322719573975,0.42385581135749817,0.895482063293457,5335.193359375,281.9456787109375,0.985866129398346,0.5280476808547974,0.8525587320327759,0.4852527976036072,5249.406472778317,5817.1142578125,216.1670972824095,0.19274810850620272,0.5684297267347571,0.3188934743404388,10220.354876708981,251.54621200561516,0.2093291521072388,0.520214519277215,0.34479822367429735,0.53936615511775,4414.54443359375,5085.12255859375,463.8436584472656,0.7989745736122131,0.7215725779533386,0.45003318786621094,10798.53515625,369.8994445800781,0.9007306694984436,0.6096599102020264,0.8868499398231506,0.516744077205658,6498.123889160156,5085.109619140627,299.4662513732911,0.37136288285255437,0.2768429756164551,0.5487003594636917,4897.862011718751,172.35249938964847,0.19742338657379155,0.42658631205558784,0.35347992181777954,0.470873748511076,0.2916666666666667,0.5972222222222222,0.1111111111111111,0.1111111111111111,0.5972222222222222,0.1111111111111111,0.2916666666666667,0.03571428571428571,0.5476190476190477,0.023809523809523808,0.03571428571428571,0.5476190476190477,0.023809523809523808,0.1511627906976744,0.0,0.005813953488372093,0.23809523809523808,0.0
Sample_46,5403.59130859375,8805.3623046875,390.2991027832031,0.9804921746253967,0.4732311964035034,0.8389068841934204,15858.1220703125,493.437255859375,0.9407162070274353,0.4404832720756531,0.83842533826828,0.6462405920028687,8449.069726562499,10217.06171875,200.4970703125,0.11547180414199831,0.48286570906639087,0.2572499752044677,11904.4892578125,253.48246459960933,0.15047583580017088,0.49716348648071285,0.2556118249893189,0.3267235040664673,2053.698974609375,2399.20751953125,181.3560028076172,0.9944469928741455,0.38151395320892334,0.8876386880874634,4856.015625,276.16412353515625,0.9685603380203247,0.569103479385376,0.8220750093460083,0.5450328588485718,4065.213668823242,6250.497955322266,207.85910415649414,0.21093855798244476,0.6132258418947458,0.27776290476322174,10467.958618164062,245.88735961914062,0.2044641077518463,0.7024740539491177,0.35947518050670624,0.49519072845578194,5284.7021484375,6340.71875,376.067138671875,0.8622345328330994,0.7133358716964722,0.562800407409668,11600.2802734375,413.8948974609375,0.9907248616218567,0.4704246520996094,0.8604652285575867,0.5362321734428406,6903.151879882813,5856.576184082032,364.8470699310303,0.36871076226234434,0.456783776730299,0.6500416181981563,6734.589404296874,215.49529190063475,0.19150625318288805,0.4946843970566988,0.31098977178335185,0.40570291429758076,0.07643312101910828,0.5923566878980892,0.33121019108280253,0.33121019108280253,0.5923566878980892,0.33121019108280253,0.07643312101910828,0.0,0.0,0.20833333333333334,0.0,0.0,0.20833333333333334,0.03225806451612903,0.005376344086021506,0.0,0.3333333333333333,0.038461538461538464
Sample_47,4044.93505859375,9382.1708984375,377.93206787109375,0.9497194886207581,0.5018126964569092,0.8470337986946106,13257.5869140625,436.8384094238281,0.9705599546432495,0.4926852881908417,0.8311252593994141,0.7144817113876343,6080.437713623047,11417.95751953125,307.94471740722656,0.2527599632740021,0.5682241171598434,0.3210396468639374,13926.06396484375,269.08465576171875,0.22669026255607605,0.495525598526001,0.3120488226413727,0.2964030057191849,2933.109130859375,2686.680908203125,195.29776000976562,0.9789133667945862,0.41188138723373413,0.8996219635009766,5638.583984375,290.56256103515625,0.9867246150970459,0.6159622669219971,0.848152756690979,0.4761461019515991,6354.642395019531,5542.65234375,196.26682376861572,0.1944984570145607,0.4288355018943548,0.2783197611570358,10769.966003417969,266.8712635040283,0.22465874999761581,0.4819082021713257,0.3467458337545395,0.4178678151220083,5266.2060546875,6589.4208984375,378.37823486328125,0.9056458473205566,0.8110756874084473,0.5899916887283325,12130.5419921875,436.80072021484375,0.9346349239349365,0.5520832538604736,0.7956645488739014,0.5592241287231445,5030.255639648439,4639.702008056641,138.55694580078125,0.32617313265800474,0.37877436280250554,0.5110140997916461,5588.167016601563,198.04666137695312,0.14533249884843824,0.4279115244746208,0.32645299732685085,0.31093308702111244,0.31955922865013775,0.5674931129476584,0.11294765840220386,0.11294765840220386,0.5674931129476584,0.11294765840220386,0.31955922865013775,0.0,0.19827586206896552,0.0,0.0,0.19827586206896552,0.0,0.0970873786407767,0.038834951456310676,0.0,0.23275862068965517,0.0
Sample_48,3989.5341796875,9841.1630859375,403.34393310546875,0.9701489210128784,0.5891508460044861,0.7898944020271301,14286.3857421875,466.9314270019531,0.9989974498748779,0.4599670469760895,0.8682851195335388,0.7453462481498718,4985.88837890625,8548.221582031249,217.2002685546875,0.1542134642601013,0.31174968481063825,0.3398972511291505,9682.747656250001,243.8555969238281,0.11471155881881712,0.4528950393199921,0.2609326243400574,0.28211624622344966,2614.529052734375,2459.0927734375,187.99169921875,0.9951510429382324,0.43707773089408875,0.9090378284454346,5032.72998046875,282.731201171875,0.9720317125320435,0.593691885471344,0.840816855430603,0.5361658930778503,3613.809860229492,4859.594673156738,181.60736083984375,0.18976222723722458,0.529733207076788,0.25291940569877625,6861.701751708984,216.72856521606445,0.1907845288515091,0.5543879941105843,0.3422645106911659,0.3998681418597698,3948.830322265625,6585.72607421875,431.56988525390625,0.8102099895477295,0.6990835666656494,0.4483894407749176,10847.03125,412.5059509277344,0.9814093112945557,0.4165615141391754,0.883412778377533,0.6174721717834473,4720.9591186523385,4272.739501953121,256.8753387451171,0.35471607744693756,0.5825332105159758,0.5024041295051572,4931.068457031244,133.98285369873048,0.16980781555175783,0.6442651435732841,0.2493993759155273,0.3491717770695686,0.18796992481203006,0.6203007518796992,0.19172932330827067,0.19172932330827067,0.6203007518796992,0.19172932330827067,0.18796992481203006,0.0,0.02,0.0,0.0,0.02,0.0,0.01818181818181818,0.0,0.0,0.34,0.0
Sample_49,3193.400390625,8097.3173828125,374.1065673828125,0.9752551913261414,0.6121799945831299,0.8113887310028076,11726.0693359375,418.77642822265625,1.0,0.613165020942688,0.8274743556976318,0.7349011898040771,7745.099223327625,7757.408349609371,258.0870086669922,0.22120033055543897,0.5832490593194961,0.4016830325126647,14427.30213623046,299.3998214721676,0.20409138947725292,0.670966093242168,0.3514723733067513,0.36701366230845445,2797.30322265625,2922.5966796875,194.3685302734375,0.9844887256622314,0.3752399682998657,0.9009573459625244,6046.208984375,302.3275146484375,0.9784132838249207,0.4959676265716553,0.8413059711456299,0.4715077877044678,4528.213195800781,6879.447280883789,220.42199802398682,0.23789775371551514,0.4335486479103565,0.2924697995185852,10185.634155273438,255.2191619873047,0.174528107047081,0.603489451110363,0.2888669818639755,0.6230070851743221,5820.3359375,6687.169921875,401.8096923828125,0.8247973918914795,0.7483636140823364,0.563681960105896,11662.6689453125,428.578857421875,1.0,0.39618203043937683,0.8332360982894897,0.5294289588928223,3327.9921752929686,4573.059002685546,237.81907958984374,0.27932518869638445,0.37086677700281145,0.42659872174263,6146.89609375,140.37015075683598,0.1566716685891152,0.6993352718651296,0.3552476316690444,0.26559635922312735,0.5870206489675516,0.30973451327433627,0.10324483775811209,0.10324483775811209,0.30973451327433627,0.10324483775811209,0.5870206489675516,0.04020100502512563,0.3417085427135678,0.0,0.04020100502512563,0.3417085427135678,0.0,0.14285714285714285,0.0,0.0,0.1708542713567839,0.0
Sample_5,5411.74072265625,10631.943359375,408.8214111328125,0.9833208322525024,0.6328311562538147,0.8144316673278809,16344.3984375,501.0651550292969,1.0,0.5277402997016907,0.7951877117156982,0.6592302918434143,6820.4423828125,13149.360009765625,242.27855224609374,0.24697569012641907,0.6153667837381365,0.3873067229986191,13420.37314453125,298.82672424316405,0.16741012334823613,0.5004951149225236,0.29219183921813974,0.3006847321987153,3434.2802734375,3572.66748046875,219.2783203125,0.9880117177963257,0.4758349061012268,0.8662807941436768,7136.07470703125,316.3642578125,0.9650568962097168,0.5172709226608276,0.8187951445579529,0.48950016498565674,5724.951721191406,7032.190353393555,211.33962726593018,0.1536852940917015,0.5333533976227045,0.2622257098555565,10304.331604003906,247.07037162780762,0.1778649315237999,0.49930912256240845,0.29270295053720474,0.561943918466568,5116.0927734375,5057.2822265625,391.38671875,0.8778889179229736,0.7957157492637634,0.5433636903762817,11021.2001953125,415.43963623046875,0.9764751195907593,0.4330636262893677,0.8969530463218689,0.5104652047157288,7427.878124999997,4782.187353515625,179.63370056152343,0.2832879960536957,0.6842075884342194,0.44714319407939906,6458.261523437501,168.5742858886719,0.18274669051170345,0.4768494844436645,0.2908482670783996,0.39498597085475917,0.2559055118110236,0.3188976377952756,0.4251968503937008,0.4251968503937008,0.3188976377952756,0.4251968503937008,0.2559055118110236,0.046153846153846156,0.24615384615384617,0.0,0.046153846153846156,0.24615384615384617,0.0,0.07407407407407407,0.0,0.024691358024691357,0.24615384615384617,0.16666666666666666
Sample_50,6092.4970703125,9627.5625,390.252197265625,0.979967474937439,0.6202592849731445,0.7887187004089355,15871.35546875,463.318603515625,1.0,0.6055852174758911,0.8414965867996216,0.6564064025878906,8603.412689208984,13799.206726074219,243.78255081176758,0.260120652616024,0.5065404437482357,0.33739037811756134,17684.005615234375,314.87247467041016,0.17806445062160492,0.608963442966342,0.35383353382349014,0.358621247112751,3335.6689453125,2839.847900390625,197.873291015625,0.9805437922477722,0.35639166831970215,0.8761594295501709,5645.5,286.3519287109375,0.9932764768600464,0.5101913213729858,0.8420630693435669,0.4786459803581238,4315.254913330078,6001.0037841796875,186.6022825241089,0.2150825783610344,0.4629148878157139,0.3769521713256836,9950.581558227539,252.2308292388916,0.21460572630167007,0.5383830778300762,0.3164077252149582,0.5482982657849789,5784.7490234375,5836.041015625,318.6856689453125,0.8840633630752563,0.747566819190979,0.6512091159820557,11524.892578125,399.37603759765625,0.9748010635375977,0.47603148221969604,0.8746166229248047,0.50087571144104,3115.3259765625,4129.567553710936,197.06755905151365,0.23924670219421384,0.33780677020549765,0.42593843415379523,4811.701367187501,151.18286743164055,0.1866061970591545,0.41766793057322493,0.26821060478687286,0.2686495646834373,0.22590361445783133,0.6054216867469879,0.1686746987951807,0.1686746987951807,0.6054216867469879,0.1686746987951807,0.22590361445783133,0.05333333333333334,0.06666666666666667,0.02666666666666667,0.05333333333333334,0.06666666666666667,0.02666666666666667,0.21890547263681592,0.0,0.03482587064676617,0.25333333333333335,0.07142857142857142
Sample_51,3337.716064453125,9116.98046875,369.1673583984375,0.9854176044464111,0.5419995784759521,0.8487515449523926,12557.181640625,430.5621643066406,0.9793925285339355,0.5641075372695923,0.8700445890426636,0.739037036895752,7749.136706542968,9238.648034667967,225.32713851928713,0.27669206559658055,0.4957224413752555,0.4114449232816696,14657.748937988279,265.0600753784179,0.18972990363836284,0.5899990148842335,0.3087139397859573,0.24952986985445025,2712.29638671875,3418.525390625,215.55374145507812,0.977662980556488,0.342866986989975,0.8737289905548096,5499.357421875,294.0680236816406,1.0,0.5365518927574158,0.8206378817558289,0.502460777759552,4766.2298583984375,5965.773010253906,186.41475105285645,0.21704185009002686,0.5156929092481732,0.3030881807208061,8760.587280273438,229.1944522857666,0.22060038894414902,0.5085990075021982,0.35305649042129517,0.6078612431883812,4897.6025390625,6379.6259765625,375.5086975097656,0.868816077709198,0.6419498920440674,0.5792162418365479,11299.3837890625,408.89263916015625,0.9840782880783081,0.4642435908317566,0.8698415756225586,0.5745289325714111,9577.881701660157,9305.057415771484,462.69335479736304,0.38567903935909276,0.5752811320126057,0.7265455607324837,8969.560107421872,253.85998229980464,0.1918802678585052,0.44381929859519,0.26916724741458886,0.5154795546084641,0.27596439169139464,0.2789317507418398,0.44510385756676557,0.44510385756676557,0.2789317507418398,0.44510385756676557,0.27596439169139464,0.021505376344086023,0.3118279569892473,0.0,0.021505376344086023,0.3118279569892473,0.0,0.2978723404255319,0.0,0.0,0.3225806451612903,0.07333333333333333
Sample_52,3828.5341796875,9350.2275390625,387.9727478027344,0.9608863592147827,0.5394507646560669,0.7913906574249268,12320.6650390625,474.89825439453125,0.9571030139923096,0.5724151134490967,0.8502824902534485,0.6993151903152466,3326.3629028320315,6434.798754882812,165.90070953369144,0.10939574539661412,0.5514060750603675,0.3331420838832856,7134.991943359377,171.5871932983399,0.10523102581501009,0.5055032379925251,0.2275832235813141,0.22908669114112856,3263.19677734375,3079.4404296875,207.0998992919922,0.9749241471290588,0.4289306104183197,0.9091749787330627,6243.2392578125,306.2050476074219,0.9784379601478577,0.5366116166114807,0.8493831157684326,0.4997783899307251,5310.41748046875,6288.494125366211,217.01383686065674,0.1991007775068283,0.5141129568219185,0.30475717782974243,9444.649047851562,255.11750984191895,0.18886572122573853,0.6001080721616745,0.35911690443754196,0.49702927842736244,4065.386962890625,6783.62451171875,374.92169189453125,0.8395941853523254,0.7284849286079407,0.5107296705245972,11615.0927734375,390.1988830566406,0.9786750078201294,0.4737716615200043,0.8916060924530029,0.6355071663856506,6200.289208984372,4710.558544921874,217.3815689086914,0.4083158284425735,0.5042564228177071,0.5633073858916757,5714.009912109372,173.1973266601562,0.1410620301961899,0.390724343061447,0.2367173284292221,0.36566223204135884,0.10658307210031348,0.6802507836990596,0.21316614420062696,0.21316614420062696,0.6802507836990596,0.21316614420062696,0.10658307210031348,0.0,0.14705882352941177,0.0,0.0,0.14705882352941177,0.0,0.17511520737327188,0.0,0.0,0.0,0.014705882352941176
Sample_53,3179.1796875,9700.345703125,375.6920166015625,0.9594310522079468,0.599994957447052,0.8198854923248291,13122.7978515625,446.6160888671875,0.9971159100532532,0.49240320920944214,0.8567593097686768,0.7360724210739136,7475.401794433594,9485.508483886719,208.79483032226562,0.22205272316932678,0.6017934232950211,0.3347344920039177,13788.7890625,286.69941329956055,0.1747780442237854,0.6010202094912529,0.3087032213807106,0.3136511668562889,2855.774169921875,2517.46533203125,185.9830322265625,0.9612964391708374,0.44332143664360046,0.8916571140289307,5363.14501953125,286.9438171386719,0.9804384708404541,0.5326974391937256,0.8311910033226013,0.5212786793708801,6163.89761047363,7103.686288452145,206.19021797180173,0.21177309900522234,0.5239352568984031,0.2610719740390778,10540.002612304688,283.38595809936515,0.22378964275121693,0.5569967024028301,0.36761625707149503,0.5267446368932724,4348.7763671875,5668.59326171875,350.771240234375,0.8334629535675049,0.7383555173873901,0.5659226179122925,9407.513671875,405.68597412109375,0.9931832551956177,0.6414303183555603,0.8979164958000183,0.5625292062759399,3457.449914550781,3490.757244873047,109.56234436035157,0.29905724376440046,0.32717259377241137,0.5144277140498162,2857.0884521484368,93.43353958129887,0.11427765935659406,0.35968717858195304,0.19864910989999773,0.3543242990970612,0.4581818181818182,0.4072727272727273,0.13454545454545455,0.13454545454545455,0.4072727272727273,0.13454545454545455,0.4581818181818182,0.0,0.30158730158730157,0.0,0.0,0.30158730158730157,0.0,0.017857142857142856,0.0,0.0,0.15079365079365079,0.0
Sample_54,3618.044921875,8555.1064453125,384.87774658203125,0.9505168795585632,0.6103267669677734,0.8273417353630066,12369.375,442.1219482421875,0.9943645000457764,0.5910675525665283,0.8591867089271545,0.6965596675872803,10402.895919799808,12868.306298828125,195.01278991699218,0.21997708678245542,0.4490653902292252,0.3626279637217522,19906.312463378905,317.85155792236327,0.219455498456955,0.44410387203097346,0.3225119560956955,0.3236883744597435,3330.516845703125,2730.840087890625,204.25607299804688,1.0,0.46427270770072937,0.8983473777770996,6575.05810546875,306.99542236328125,0.995710015296936,0.6164060235023499,0.8212201595306396,0.49151623249053955,5523.769873046874,5209.584729003904,181.0360130310059,0.20461090803146365,0.41163528263568866,0.30440391898155217,8904.968041992182,233.28955841064445,0.16875390410423274,0.6121503069996834,0.33052048087120056,0.5181467100977897,5118.412109375,5982.45263671875,338.6716003417969,0.8651555180549622,0.6700289249420166,0.5982061624526978,10060.0380859375,383.8314208984375,0.9704996347427368,0.5402759909629822,0.8842771053314209,0.5516855120658875,4014.8607910156243,4948.393310546873,202.76119384765627,0.36077116727828984,0.4746698200702667,0.5711031854152678,5700.5824218749985,173.0465576171875,0.20842748880386353,0.6425495773553848,0.28273313045501713,0.34032751321792604,0.4101796407185629,0.3323353293413174,0.25748502994011974,0.25748502994011974,0.3323353293413174,0.25748502994011974,0.4101796407185629,0.029197080291970802,0.16058394160583941,0.0,0.029197080291970802,0.16058394160583941,0.0,0.036036036036036036,0.0,0.0,0.1678832116788321,0.011627906976744186
Sample_55,3200.411865234375,8852.216796875,359.1313171386719,0.9723411202430725,0.545268714427948,0.8222264051437378,11418.36328125,473.3316955566406,0.9920689463615417,0.6436826586723328,0.8709946870803833,0.745245635509491,11135.325317382812,12516.14990234375,285.86322021484375,0.20742154121398926,0.6312299072742462,0.3074568510055542,20129.40234375,289.3615417480469,0.18295365571975708,0.5389604568481445,0.3208127021789551,0.44133180379867554,2194.204833984375,2469.734130859375,182.85476684570312,0.9867008924484253,0.40812602639198303,0.8948682546615601,4677.32470703125,272.4033508300781,0.9546518325805664,0.5848535299301147,0.8005459904670715,0.5478366613388062,3280.7213134765625,4844.297103881836,183.40302276611328,0.2081890106201172,0.4074556231498718,0.23819784820079803,7284.640380859375,238.68886947631836,0.19374753534793854,0.6652588807046413,0.3325278013944626,0.5194817297160625,4599.33642578125,5156.26904296875,360.43914794921875,0.786883533000946,0.72022545337677,0.5077912211418152,9534.9892578125,371.9133605957031,0.9715550541877747,0.39935553073883057,0.8801012635231018,0.5568227171897888,3813.8995605468745,4946.036547851562,413.24617233276365,0.22743910551071156,0.5268401920795438,0.6075165212154385,6527.983935546875,259.95579986572267,0.18043738007545473,0.5198052734136578,0.28083756864070886,0.3427095666527747,0.26813880126182965,0.43217665615141954,0.2996845425867508,0.2996845425867508,0.43217665615141954,0.2996845425867508,0.26813880126182965,0.0,0.25882352941176473,0.0,0.0,0.25882352941176473,0.0,0.0,0.0,0.0,0.5294117647058824,0.05263157894736842
Sample_56,4068.40576171875,9855.921875,393.9873046875,0.9908024668693542,0.572675883769989,0.820035994052887,14231.0546875,471.7708740234375,0.9893895983695984,0.590349555015564,0.8423753380775452,0.7094407081604004,7031.297436523438,11566.761914062505,265.33534545898453,0.1767706990242004,0.49035324454307566,0.332702887058258,15626.530859375009,318.5697692871094,0.16311341524124146,0.43998336195945764,0.30206937789917,0.3166431665420533,2155.060791015625,2119.343017578125,177.1869659423828,0.9852432608604431,0.4290231764316559,0.9029700756072998,4310.634765625,267.22296142578125,0.9806804656982422,0.5660099983215332,0.8245169520378113,0.5120818614959717,6509.457946777344,6516.7599273681635,194.1915626525879,0.21908914148807523,0.48155620023608203,0.27436172366142275,11567.01584472656,287.9538208007812,0.18378162384033203,0.6072918958961964,0.26691384613513947,0.5181899689137935,5422.17333984375,5667.0966796875,367.26031494140625,0.8954589366912842,0.7289766073226929,0.5255522727966309,11129.4140625,388.25469970703125,0.9560586810112,0.3800041675567627,0.8931673765182495,0.5452044606208801,4287.916424560547,4381.722662353515,174.41032638549808,0.31801213622093205,0.4473931923508644,0.3668675690889359,6063.977624511719,165.24115524291994,0.23751814663410187,0.3539983410388231,0.24950705319643018,0.2930454477667808,0.3801916932907348,0.4728434504792332,0.14696485623003194,0.14696485623003194,0.4728434504792332,0.14696485623003194,0.3801916932907348,0.01680672268907563,0.05042016806722689,0.008403361344537815,0.01680672268907563,0.05042016806722689,0.008403361344537815,0.05405405405405406,0.0,0.0,0.3865546218487395,0.0
Sample_57,5468.072265625,11561.6650390625,420.6299743652344,1.0,0.5074076652526855,0.8097367882728577,17500.681640625,507.8569030761719,0.9844797253608704,0.5132548809051514,0.8394294381141663,0.6788966059684753,11221.863928222652,12629.601123046874,228.74904479980466,0.15538622438907623,0.53815746307373,0.38035794496536257,22529.078417968743,368.34002075195315,0.1716821789741516,0.5987773142755031,0.352845948934555,0.3359528839588165,2843.91748046875,2544.51318359375,188.02145385742188,1.0,0.3884289860725403,0.8772493600845337,5305.85302734375,287.1690368652344,0.9736836552619934,0.47183042764663696,0.8557630181312561,0.5267149209976196,4369.216082763672,7052.306887817382,211.88034820556635,0.19820624291896816,0.5086575105786323,0.27380514740943906,9633.262133789061,252.99737014770506,0.2353983372449875,0.529517413675785,0.3069558680057526,0.5399933844804763,5718.40234375,7037.60400390625,323.28826904296875,0.9768222570419312,0.7853971719741821,0.7123485207557678,12313.1728515625,406.14117431640625,0.9906514883041382,0.4864215850830078,0.8538744449615479,0.5400634407997131,6423.131256103511,6030.855249023435,276.20433197021475,0.3032215178012848,0.5757678240537643,0.6691875003278256,6508.765087890624,170.45663452148432,0.12886533439159398,0.32802824676036824,0.23816424310207351,0.451426662504673,0.3811188811188811,0.36713286713286714,0.2517482517482518,0.2517482517482518,0.36713286713286714,0.2517482517482518,0.3811188811188811,0.0,0.25688073394495414,0.0,0.0,0.25688073394495414,0.0,0.09523809523809523,0.0,0.0380952380952381,0.28440366972477066,0.08333333333333333
Sample_58,3597.7392578125,9694.86328125,373.9797668457031,0.983741044998169,0.59009850025177,0.8230507373809814,13379.3798828125,457.2664489746094,0.9683257341384888,0.5607478618621826,0.857489824295044,0.7338405847549438,6610.628564453125,13037.997851562497,241.4003562927246,0.18639628142118458,0.5262778855860233,0.35292901247739794,15870.117663574216,270.98692550659166,0.23995312750339504,0.4663096964359283,0.2929094597697258,0.3362960383296011,1823.9351806640625,2616.1796875,181.66001892089844,1.0,0.4369578957557678,0.9021260142326355,4756.935546875,260.8949890136719,0.9726927280426025,0.5731087923049927,0.8444794416427612,0.55006343126297,3000.4987457275383,3910.1223846435505,166.2231250762939,0.1519719243049622,0.49076543748378754,0.2869722574949265,5632.908300781247,149.17108459472647,0.2174277931451798,0.5896447964012621,0.3499639630317686,0.47367551028728483,5291.60546875,6748.529296875,353.6583251953125,0.9115810394287109,0.812374472618103,0.6008503437042236,12032.640625,449.6031799316406,0.9490762948989868,0.5587899088859558,0.9272921085357666,0.5581068396568298,1426.166680908203,4530.13193359375,147.12719497680666,0.35222524702548985,0.20173162370920183,0.3925581827759743,5139.461889648439,195.16948089599612,0.16648886501789095,0.34078749045729634,0.19305234700441365,0.18572781309485437,0.4965753424657534,0.3767123287671233,0.1267123287671233,0.1267123287671233,0.3767123287671233,0.1267123287671233,0.4965753424657534,0.020689655172413793,0.27586206896551724,0.0,0.020689655172413793,0.27586206896551724,0.0,0.0,0.0,0.0,0.30344827586206896,0.0
Sample_59,4275.767578125,11130.083984375,426.7725830078125,0.9841158390045166,0.559651255607605,0.8076338768005371,15534.216796875,471.2817077636719,0.9807031154632568,0.5248942971229553,0.8456025123596191,0.7230878472328186,29238.313961791973,50391.27225341793,612.53232421875,0.18428391963243484,0.7224671490490432,0.42834732830524436,75454.93850097655,966.7739952087397,0.2578886047005653,0.5215966708958149,0.3826501846313477,0.259687103331089,3317.44970703125,3289.599365234375,206.1876220703125,0.9671117067337036,0.3533170819282532,0.8823387026786804,6419.54931640625,305.9116516113281,0.9888890981674194,0.5226962566375732,0.8634659647941589,0.5310415625572205,4483.990478515625,5373.318099975586,186.17695426940918,0.20632441341876984,0.37862081453204155,0.30435146391391754,8274.757690429688,237.88848114013672,0.18735867738723755,0.5016356594860554,0.2953643947839737,0.4584561884403229,5535.60498046875,6522.89990234375,368.86798095703125,0.9082702994346619,0.6479313373565674,0.6097573041915894,11735.7080078125,435.8930358886719,0.9687262773513794,0.44172513484954834,0.8421725034713745,0.5109009146690369,8584.719287109376,8890.041992187496,396.6877288818358,0.2523412942886353,0.5884535849094391,0.5423256397247315,13347.697070312495,252.83681030273436,0.13443812131881716,0.43525719642639155,0.2601625204086304,0.49009782075881964,0.5086206896551724,0.3333333333333333,0.15804597701149425,0.15804597701149425,0.3333333333333333,0.15804597701149425,0.5086206896551724,0.0,0.1694915254237288,0.0,0.0,0.1694915254237288,0.0,0.12931034482758622,0.04310344827586207,0.0,0.2994350282485876,0.05454545454545454
Sample_6,4191.33984375,8992.8857421875,370.81060791015625,0.9692032337188721,0.6020152568817139,0.8377588391304016,13197.8876953125,437.84075927734375,1.0,0.5450953841209412,0.844160795211792,0.6868385076522827,9151.90659179687,11501.121240234374,249.18367462158204,0.2579600244760514,0.44052580147981635,0.32939016819000244,18032.523095703124,322.5902679443359,0.19429662227630617,0.5154563441872596,0.36446839570999146,0.42713128775358183,3149.39111328125,3542.773193359375,217.99502563476562,0.9716742038726807,0.4020242393016815,0.9021645784378052,6517.1376953125,314.3194580078125,0.9769163131713867,0.5679317712783813,0.8511601090431213,0.500878632068634,5344.284991455077,9052.216561889645,213.92203826904293,0.1940057754516602,0.4431683465838433,0.2775195419788361,12370.081591796874,252.46664657592763,0.17327679693698883,0.4291982963681221,0.35549335181713093,0.5364164013415573,3714.312255859375,6591.87548828125,367.70257568359375,0.859427809715271,0.6556674242019653,0.6263914108276367,9913.0478515625,382.4688415527344,0.9926262497901917,0.35550597310066223,0.896064281463623,0.6519622206687927,4109.406774902343,4704.087145996094,237.24509429931635,0.37335920333862305,0.41450930088758453,0.5097227588295935,4554.2328125,147.0157501220703,0.17859090566635127,0.5159660786390303,0.2119660854339599,0.33647836446762086,0.43452380952380953,0.3898809523809524,0.17559523809523808,0.17559523809523808,0.3898809523809524,0.17559523809523808,0.43452380952380953,0.0136986301369863,0.0410958904109589,0.0136986301369863,0.0136986301369863,0.0410958904109589,0.0136986301369863,0.15267175572519084,0.0,0.05343511450381679,0.2945205479452055,0.0
Sample_60,2303.777587890625,5896.83154296875,303.1505126953125,0.9606013894081116,0.5589173436164856,0.8301662802696228,8457.10546875,349.6490478515625,0.9871193766593933,0.5068988800048828,0.8711557984352112,0.7013301849365234,4210.162377929683,7542.2237182617155,185.3635284423828,0.19511181116104126,0.394800244271755,0.32623820900917044,11772.614697265624,272.56986160278313,0.11429229378700256,0.43095207512378686,0.27453663349151614,0.22522197663784027,2728.992919921875,4020.976318359375,241.3466033935547,0.9753860235214233,0.47443315386772156,0.884267270565033,6742.41162109375,320.6440124511719,0.9591571688652039,0.5404031276702881,0.8370715379714966,0.5936806201934814,6350.724584960939,5819.113940429688,182.65315856933609,0.20922122001647947,0.5035207629203797,0.30662384033203127,8949.139257812501,228.71402587890626,0.19453443288803096,0.631224872171879,0.3416274309158326,0.5108052253723144,3802.62646484375,6259.36572265625,333.16748046875,0.9268677234649658,0.6768279075622559,0.6286640167236328,9701.1259765625,368.76287841796875,0.9757444858551025,0.43718838691711426,0.8575090169906616,0.592481255531311,10796.808697509765,8259.022692871094,348.668359375,0.24225250333547588,0.3251611441373825,0.4136030487716198,16689.569580078125,319.55234756469724,0.08293459266424175,0.11937672942876815,0.15552305877208705,0.2357681505382061,0.37283236994219654,0.546242774566474,0.08092485549132948,0.08092485549132948,0.546242774566474,0.08092485549132948,0.37283236994219654,0.03875968992248062,0.21705426356589147,0.0,0.03875968992248062,0.21705426356589147,0.0,0.1746031746031746,0.031746031746031744,0.0,0.15503875968992248,0.10714285714285714
Sample_61,6025.3955078125,10346.8486328125,414.2855224609375,0.974341869354248,0.6219571828842163,0.7836444973945618,16097.5859375,483.675537109375,0.9873047471046448,0.5304438471794128,0.8186504244804382,0.6361077427864075,11369.03564453125,8493.169189453125,185.4899673461914,0.19388078153133392,0.5047626420855522,0.3433208167552948,18824.590087890625,296.4701690673828,0.20643626153469086,0.6297639943659306,0.34346364438533783,0.3270172104239464,2143.932373046875,2170.243408203125,173.17001342773438,0.9779139161109924,0.42334088683128357,0.9015825986862183,4755.6572265625,266.5743408203125,0.9987829923629761,0.49496692419052124,0.8448301553726196,0.48884978890419006,4599.370220947267,3996.048858642578,167.54468841552745,0.19291596710681913,0.7006834615021945,0.283969521522522,6907.901745605469,195.79705047607422,0.17405340671539304,0.5716897860169411,0.3047359704971314,0.43272174820303916,4783.15087890625,6590.490234375,395.2576904296875,0.9182508587837219,0.7163553237915039,0.5571942925453186,11867.77734375,416.955810546875,0.9830282926559448,0.4751271903514862,0.890435516834259,0.6197367906570435,5801.1263671875,6654.377734375,202.02591552734367,0.26480208635330205,0.45209779739379885,0.4542087197303772,7696.202929687499,186.41588134765624,0.1631458640098572,0.3180395483970641,0.2080264806747436,0.3248655140399933,0.42249240121580545,0.42249240121580545,0.15501519756838905,0.15501519756838905,0.42249240121580545,0.15501519756838905,0.42249240121580545,0.0,0.2302158273381295,0.0,0.0,0.2302158273381295,0.0,0.03597122302158273,0.0,0.0,0.4172661870503597,0.21568627450980393
Sample_62,5005.36962890625,9608.0,398.52777099609375,0.9813735485076904,0.563369631767273,0.8040813207626343,14427.115234375,474.5775146484375,0.9799106121063232,0.5876344442367554,0.8391227722167969,0.6640464067459106,9134.34474029541,10347.014892578125,225.08311691284172,0.16195709109306333,0.6962529551237822,0.4669848084449768,16533.105273437497,358.414624786377,0.25020410567522045,0.48151291534304613,0.31564098596572876,0.38980033993721,2368.8994140625,1961.7633056640625,164.49417114257812,0.9866480231285095,0.3839620351791382,0.9023412466049194,4609.54443359375,266.8476867675781,0.9655660390853882,0.612606406211853,0.8341537714004517,0.47383907437324524,6195.776715087891,2771.4054321289063,120.24918346405032,0.1638039439916611,0.39508255198597914,0.24371072053909304,7225.985083007813,204.77643966674808,0.19761966615915294,0.5289289630949497,0.33293094485998154,0.48124530501663687,5059.39892578125,6648.892578125,445.6875,0.815955400466919,0.6381659507751465,0.4205867648124695,10761.119140625,402.1168212890625,1.0,0.510763943195343,0.909398078918457,0.5440273284912109,5370.870367431639,5796.974896240233,279.8382965087891,0.4010045558214188,0.5151416659355164,0.5922100692987439,7647.801611328121,239.05924377441374,0.1313925206661224,0.5378532074391842,0.25237720310688017,0.3976895570755004,0.44360902255639095,0.32706766917293234,0.22932330827067668,0.22932330827067668,0.32706766917293234,0.22932330827067668,0.44360902255639095,0.0,0.3220338983050847,0.0,0.0,0.3220338983050847,0.0,0.0,0.0,0.0,0.211864406779661,0.16393442622950818
Sample_63,3403.52099609375,8299.619140625,342.10009765625,0.9806612730026245,0.5857501029968262,0.8476579189300537,11407.068359375,409.05596923828125,0.9624661207199097,0.5231213569641113,0.8482425808906555,0.7084997892379761,7961.802026367177,9116.832043457029,196.70374755859365,0.18573959916830063,0.48137359917163847,0.27882211059331885,13577.065332031249,255.19761199951165,0.1708064049482345,0.3985825568437575,0.34880280643701544,0.3121619567275046,3417.89697265625,2057.42529296875,182.87242126464844,0.9687432050704956,0.4335590600967407,0.8919180631637573,6037.8056640625,293.5071716308594,0.9696648120880127,0.5307070016860962,0.8449510335922241,0.4340400695800781,3735.4967834472654,4611.137368774412,164.7754318237302,0.21020376682281494,0.5111668691039082,0.2983987152576446,6297.708459472654,198.90148429870587,0.20045037716627123,0.6285993829369543,0.3572553306818008,0.49430762678384776,5489.0537109375,6276.35546875,326.95751953125,0.920721173286438,0.7068921327590942,0.65111243724823,11720.4453125,387.51861572265625,1.0,0.4752655029296875,0.9073352813720703,0.5395828485488892,10588.44400024414,5822.996032714844,306.3503303527832,0.32645921409130096,0.5207230895757675,0.7348500490188599,9194.340942382812,240.81141662597656,0.21451812982559204,0.43722110986709595,0.2852392941713333,0.5430737175047398,0.24610591900311526,0.6199376947040498,0.13395638629283488,0.13395638629283488,0.6199376947040498,0.13395638629283488,0.24610591900311526,0.0,0.189873417721519,0.0,0.0,0.189873417721519,0.0,0.06030150753768844,0.02512562814070352,0.05025125628140704,0.17721518987341772,0.09302325581395349
Sample_64,4144.375,8551.1435546875,357.8709716796875,0.9688721895217896,0.5952649116516113,0.8104414939880371,12742.126953125,434.1590270996094,0.9797389507293701,0.5118700265884399,0.8344999551773071,0.6863141059875488,8304.599908447264,13002.123950195313,275.63421630859375,0.1501223608851433,0.4072748906910416,0.3744033485651016,19762.264233398433,337.92509307861326,0.2591018438339233,0.6349474094808101,0.3344414204359054,0.3499689072370529,2294.73974609375,3762.291259765625,232.2778778076172,0.9829753041267395,0.46423253417015076,0.8839777112007141,5936.1484375,296.0650634765625,0.9858046770095825,0.4391900897026062,0.875963568687439,0.6217036843299866,2965.0375244140655,5688.436560058598,230.04922943115233,0.21610420942306519,0.4647257149219514,0.264559555053711,8300.396240234379,177.2906005859375,0.17716234922409058,0.6896200969815254,0.30559151172637944,0.5281124532222748,4365.75634765625,5858.19384765625,401.6729736328125,0.8693037629127502,0.7578368782997131,0.470917284488678,10623.775390625,417.67486572265625,0.947594404220581,0.4179030656814575,0.8648353219032288,0.5820091962814331,4649.7445068359375,4817.0020751953125,167.17263793945312,0.23054063320159912,0.40398989617824554,0.5220038518309593,5046.259033203125,141.50729370117188,0.11462290585041046,0.2804384380578995,0.1893720179796219,0.31606291979551315,0.42292490118577075,0.4901185770750988,0.08695652173913043,0.08695652173913043,0.4901185770750988,0.08695652173913043,0.42292490118577075,0.018691588785046728,0.14953271028037382,0.0,0.018691588785046728,0.14953271028037382,0.0,0.04838709677419355,0.08064516129032258,0.0,0.1308411214953271,0.0
Sample_65,3404.08984375,9172.5859375,369.1528625488281,1.0,0.5839806199073792,0.8617261648178101,13424.0478515625,439.353515625,1.0,0.5413426756858826,0.839036226272583,0.7110130786895752,5671.158215332031,9040.525610351558,217.5737350463865,0.1783449649810791,0.5827002361416816,0.34194451570510864,12573.697045898434,272.80245666503896,0.2675265908241272,0.673806321620941,0.309764775633812,0.29944606125354767,1805.327392578125,2012.8026123046875,172.61090087890625,0.9932544231414795,0.32866641879081726,0.8995870351791382,3772.653076171875,245.09361267089844,0.9794902801513672,0.5453023910522461,0.8492064476013184,0.5171562433242798,3163.8642578124995,5607.137565612791,167.74125404357898,0.1940928637981415,0.48031361922621685,0.2972412228584289,7000.941918945311,208.56021499633755,0.20191825926303864,0.48450998067855816,0.31451022028923037,0.545546507835388,5416.646484375,6903.125,478.39349365234375,0.726868748664856,0.44197800755500793,0.35636451840400696,11921.953125,393.7678527832031,1.0,0.43839704990386963,0.885970413684845,0.5502585172653198,1280.0972656249996,2439.5650878906245,56.82628173828124,0.11475057005882261,0.41346597969532006,0.08625072240829468,1561.7054687500004,59.220065307617176,0.08805489540100098,0.15128959715366358,0.17132301330566402,0.1510797619819641,0.5583941605839416,0.4124087591240876,0.029197080291970802,0.029197080291970802,0.4124087591240876,0.029197080291970802,0.5583941605839416,0.006535947712418301,0.13071895424836602,0.0196078431372549,0.006535947712418301,0.13071895424836602,0.0196078431372549,0.07079646017699115,0.0,0.0,0.13725490196078433,0.0
Sample_66,3812.094482421875,9573.6591796875,397.012451171875,1.0,0.5424358248710632,0.8549371361732483,12656.556640625,392.60107421875,1.0,0.4689382016658783,0.8474656939506531,0.7110710144042969,12980.1529296875,6188.728515625001,138.97421264648438,0.0897184371948242,0.44249971508979796,0.2737984180450439,16855.1859375,354.85247802734375,0.07434633970260618,0.38358853459358216,0.25548505783081055,0.3754444658756256,3853.111083984375,4109.21484375,252.8486328125,0.973265528678894,0.3733755350112915,0.9128966331481934,8135.1943359375,325.2002258300781,1.0,0.5220577716827393,0.8920528888702393,0.5610013008117676,4755.059020996093,7367.310009765624,193.9481544494629,0.19529344439506535,0.5859818726778026,0.34507115334272387,9660.586578369137,223.3673038482665,0.21927611678838732,0.41843712627887725,0.3027287527918816,0.5027865961194038,6131.095703125,5924.2265625,377.17218017578125,0.8513352274894714,0.752172589302063,0.5851212739944458,12039.57421875,425.06268310546875,1.0,0.47355639934539795,0.8752689957618713,0.5048404335975647,5501.2832153320305,6140.086541748047,221.24775390625004,0.3843252390623093,0.4952767707407475,0.5402935869991781,7310.8494628906265,205.8408378601074,0.21539355963468554,0.5386140096932651,0.2901192381978035,0.3621237333863974,0.12244897959183673,0.37551020408163266,0.5020408163265306,0.5020408163265306,0.37551020408163266,0.5020408163265306,0.12244897959183673,0.0,0.1,0.0,0.0,0.1,0.0,0.17391304347826086,0.0,0.0,0.16666666666666666,0.056910569105691054
Sample_67,3274.41650390625,8363.986328125,365.64385986328125,0.9449656009674072,0.5937573909759521,0.78643798828125,11852.4921875,418.34027099609375,0.9828413128852844,0.614689826965332,0.8532488346099854,0.7300822138786316,8922.269146728515,15589.933630371093,457.3634567260742,0.22424858063459396,0.5180859483778476,0.389600585401058,20634.29073486328,230.53635253906242,0.25206759572029114,0.4888403449207543,0.25487977713346477,0.39453558996319765,2882.1494140625,3061.11669921875,212.1942138671875,0.9736936092376709,0.44558775424957275,0.8893527388572693,6292.06005859375,316.002197265625,0.9932411313056946,0.5387120842933655,0.8570521473884583,0.5372921228408813,6127.6383056640625,6764.986480712891,228.5591163635254,0.21677985787391663,0.5930341556668282,0.3123863935470581,9685.335205078125,258.2105941772461,0.1628212332725525,0.5579497814178467,0.3074667155742645,0.4923304319381714,5642.4326171875,5699.86669921875,423.0616455078125,0.8754599094390869,0.7406821250915527,0.5060017704963684,10928.333984375,443.6356201171875,0.9965909719467163,0.5672737956047058,0.9031307697296143,0.5106693506240845,12746.613970947265,8620.16566162109,355.59740295410154,0.3252673730254173,0.4703343749046326,0.5881900139153003,18902.398291015623,391.72090148925776,0.13451477438211445,0.4225720211863518,0.2979387223720551,0.4371219970285892,0.20462046204620463,0.6303630363036303,0.16501650165016502,0.16501650165016502,0.6303630363036303,0.16501650165016502,0.20462046204620463,0.0,0.3709677419354839,0.03225806451612903,0.0,0.3709677419354839,0.03225806451612903,0.21465968586387435,0.0,0.0,0.2903225806451613,0.26
Sample_68,3372.984375,8762.9912109375,361.9410400390625,0.9781337976455688,0.6452559232711792,0.7933305501937866,12377.841796875,421.01324462890625,0.9918496608734131,0.5835102796554565,0.8480484485626221,0.7331959009170532,9863.337457275391,9498.568457031251,268.89476699829106,0.2828080236911774,0.5366107895970345,0.27788775265216836,19022.664135742187,357.8462188720703,0.18054636418819425,0.6140730597078801,0.2891923531889915,0.32424663603305814,2058.777587890625,2257.88671875,188.0013885498047,1.0,0.4422976076602936,0.8887344598770142,4904.5390625,279.1868591308594,0.998167097568512,0.5667204856872559,0.8570406436920166,0.5418093800544739,2424.7115966796864,5517.650839233398,184.97063369750973,0.18558815419673924,0.5065423503518103,0.2519102543592453,6890.074353027343,200.9620574951171,0.16883588433265684,0.5337475597858428,0.44606228172779083,0.49710668027400945,4231.0205078125,5601.7021484375,366.27276611328125,0.9046689867973328,0.729558527469635,0.5112397074699402,9362.49609375,377.77191162109375,0.9327725172042847,0.5839564800262451,0.872200071811676,0.5398810505867004,5527.803894042969,2639.9893798828125,156.88177490234375,0.3028084486722946,0.3828393965959549,0.33817560225725174,6587.236083984375,171.23800659179688,0.25997476279735565,0.6080166399478912,0.24260306358337402,0.2895190864801407,0.5041551246537396,0.29916897506925205,0.19667590027700832,0.19667590027700832,0.29916897506925205,0.19667590027700832,0.5041551246537396,0.027472527472527472,0.24175824175824176,0.0,0.027472527472527472,0.24175824175824176,0.0,0.0,0.0,0.009259259259259259,0.2087912087912088,0.04225352112676056
Sample_69,4807.6630859375,9377.27734375,401.9179992675781,0.9745705127716064,0.5753657817840576,0.8103080987930298,14305.205078125,475.1443786621094,0.9743257761001587,0.5661723017692566,0.8714548349380493,0.6957440972328186,6288.15545654297,10758.752685546875,210.235321044922,0.17388677448034284,0.5077284634113313,0.22354650795459752,15200.258544921875,341.9440414428711,0.19121426343917847,0.44497677385807033,0.26732006222009663,0.3175605870783329,3046.01220703125,3026.376708984375,208.04110717773438,0.9686230421066284,0.38967975974082947,0.8833665251731873,6020.11279296875,299.47930908203125,0.9757604598999023,0.5453808307647705,0.8326247930526733,0.5225467681884766,4677.458215332031,5610.82883300781,186.7506362915039,0.20280157327651982,0.42293473258614533,0.3152866274118423,9010.216345214825,231.38609466552725,0.2199326634407044,0.5380753844976423,0.36026103794574726,0.42854585945606216,6248.36572265625,5533.03662109375,348.56365966796875,0.8515068292617798,0.7673660516738892,0.5941708087921143,11354.177734375,425.63165283203125,0.9126173257827759,0.36440742015838623,0.8435661196708679,0.49385350942611694,6130.123706054687,6017.84701538086,118.03587341308594,0.1114531010389328,0.3420094430446625,0.338867524266243,6809.477026367187,226.72543182373056,0.176525442302227,0.5080758273601532,0.30654705017805095,0.404607666283846,0.11785714285714285,0.825,0.05714285714285714,0.05714285714285714,0.825,0.05714285714285714,0.11785714285714285,0.0,0.06060606060606061,0.0,0.0,0.06060606060606061,0.0,0.09523809523809523,0.0,0.0,0.09090909090909091,0.375
Sample_7,5289.48779296875,9692.1845703125,398.650146484375,0.9522371888160706,0.5384513735771179,0.8535934090614319,15223.994140625,487.7484436035156,0.9801515936851501,0.4486221969127655,0.857439398765564,0.6617639660835266,4050.4218749999995,6517.416113281249,188.08986816406247,0.18630656003952029,0.42551553845405576,0.3374369502067567,9836.0451171875,237.96007080078118,0.1720057606697083,0.3965387403964994,0.3967437028884888,0.1792140007019043,2720.4453125,2165.916748046875,171.7081298828125,0.9815820455551147,0.4133099913597107,0.8987245559692383,5171.6640625,269.4630126953125,0.9749568700790405,0.5758060216903687,0.8353298902511597,0.47726523876190186,4922.329574584961,5667.394241333008,170.64373207092285,0.21477121859788895,0.4837949685752392,0.2737671360373497,8701.006866455078,260.41440200805664,0.20551469177007675,0.5758312456309795,0.3598962724208832,0.5717360470443964,4457.39599609375,5819.98095703125,361.9342041015625,0.7899988889694214,0.7057292461395264,0.5052778720855713,10088.34375,376.8909912109375,0.953529953956604,0.48760098218917847,0.8853335976600647,0.5575921535491943,4724.654205322266,4119.240020751953,197.0806427001953,0.4071275293827057,0.5909599512815475,0.5064920112490654,5731.9698486328125,183.95329666137695,0.18775340169668198,0.49678765423595905,0.29858943074941635,0.3298751078546047,0.18098159509202455,0.5429447852760736,0.27607361963190186,0.27607361963190186,0.5429447852760736,0.27607361963190186,0.18098159509202455,0.0,0.0,0.0,0.0,0.0,0.0,0.03954802259887006,0.0,0.0,0.423728813559322,0.03333333333333333
Sample_70,6200.705078125,8959.375,359.8187255859375,0.9826644659042358,0.569564700126648,0.8474251627922058,15146.37890625,466.17041015625,1.0,0.5759035348892212,0.8762756586074829,0.6290934085845947,7815.591857910154,6464.88193359375,88.73810577392578,0.16423308402299885,0.41537047922611237,0.2399747908115386,11265.945849609376,272.64343566894524,0.15004248172044754,0.30533770546317096,0.18806787282228465,0.370420728623867,2905.5390625,2673.6826171875,196.987548828125,0.9768469333648682,0.44327616691589355,0.8853284120559692,5256.25,286.82098388671875,0.9587399363517761,0.5775340795516968,0.8224688768386841,0.4776955842971802,5847.599081420892,5979.191896057128,180.0161571502683,0.14943338781595228,0.39890808090567575,0.309499180316925,10625.343835449214,228.98201026916473,0.23895661234855647,0.5552070401608942,0.3994111821055413,0.5902329795062541,4684.40869140625,6175.81591796875,383.9969787597656,0.8639970421791077,0.6861432790756226,0.5262959599494934,10439.4609375,375.7636413574219,0.9854204058647156,0.41029345989227295,0.8870049118995667,0.5780932903289795,5080.956542968746,5022.141796874999,229.27736816406247,0.303863275051117,0.6557857096195221,0.5502479255199431,5233.014453124999,167.13059692382808,0.18242508172988892,0.6964539989829062,0.3038976192474365,0.371789801120758,0.12681159420289856,0.4492753623188406,0.42391304347826086,0.42391304347826086,0.4492753623188406,0.42391304347826086,0.12681159420289856,0.0,0.17142857142857143,0.0,0.0,0.17142857142857143,0.0,0.25806451612903225,0.0,0.0,0.0,0.05128205128205128
Sample_71,2735.725830078125,8094.70849609375,346.5716247558594,0.9911117553710938,0.5868141651153564,0.8711238503456116,10728.4140625,413.2541809082031,0.9658328890800476,0.4715724587440491,0.8522083163261414,0.7208508849143982,8842.595776367187,11524.134521484375,242.71072082519524,0.16782341599464412,0.6576786532998083,0.30841162204742434,19009.568066406246,376.55978393554676,0.1802229881286621,0.4783685535192489,0.2928391516208648,0.39130936861038207,2582.37646484375,2466.1416015625,197.26519775390625,0.9614994525909424,0.3883799910545349,0.9090641140937805,5087.490234375,267.53289794921875,0.9666682481765747,0.44596320390701294,0.8753784894943237,0.5118030309677124,4030.698968505857,6578.145643615721,227.6213363647461,0.2021549299359322,0.4020358309149742,0.27578208446502683,9620.44063720703,279.5566001892089,0.22963269352912907,0.6069579351693388,0.30850767344236374,0.475979208946228,4439.0244140625,6702.6005859375,364.1192626953125,0.9154860973358154,0.5904437303543091,0.6148324012756348,11180.453125,406.473388671875,0.9798009991645813,0.4364813566207886,0.869004487991333,0.5974720120429993,3369.7279357910156,4857.736511230469,387.05614242553713,0.3041055768728256,0.4845327496528625,0.6727376632392407,6082.941015625,216.3966156005859,0.1584172397851944,0.3620615366846323,0.3228161737322808,0.2680306814610958,0.5217391304347826,0.3277591973244147,0.1505016722408027,0.1505016722408027,0.3277591973244147,0.1505016722408027,0.5217391304347826,0.00641025641025641,0.17307692307692307,0.03205128205128205,0.00641025641025641,0.17307692307692307,0.03205128205128205,0.0,0.02040816326530612,0.0,0.28205128205128205,0.0
Sample_72,4777.365234375,8798.33984375,375.31793212890625,0.9804656505584717,0.5704407691955566,0.8327442407608032,13933.453125,453.8663024902344,0.978890061378479,0.5542755126953125,0.8652597069740295,0.6661965847015381,4896.644912719724,7325.577746582031,148.60791244506817,0.1380111545324325,0.5009654670953747,0.27515851408243164,12111.7580078125,162.02135620117184,0.1642122507095337,0.46933325529098513,0.3078771814703941,0.247350725531578,2550.3251953125,2653.497314453125,195.71334838867188,1.0,0.4387331008911133,0.8731594085693359,4990.9287109375,277.85992431640625,0.9749300479888916,0.544611930847168,0.8452791571617126,0.518962025642395,3379.403308105469,4690.297819519042,182.662015914917,0.22377073764801025,0.5206792179495092,0.28234311491250996,6607.474530029293,189.68537864685055,0.2043430581688881,0.6166492789983749,0.3457454696297646,0.5397523209452628,6692.31689453125,6402.52880859375,374.9396057128906,0.8696507811546326,0.8029694557189941,0.5458146333694458,12503.4013671875,432.0909729003906,0.9941409826278687,0.532493531703949,0.8921567797660828,0.5137882828712463,5978.2391601562485,6236.420068359374,252.75553588867177,0.24037322998046873,0.4582787752151488,0.52522514462471,7090.483984374998,196.89291381835938,0.15805082321166997,0.5195160329341888,0.2911626696586609,0.42690434455871584,0.24381625441696114,0.6254416961130742,0.13074204946996468,0.13074204946996468,0.6254416961130742,0.13074204946996468,0.24381625441696114,0.043478260869565216,0.014492753623188406,0.0,0.043478260869565216,0.014492753623188406,0.0,0.011299435028248588,0.0,0.0,0.10144927536231885,0.0
Sample_73,3707.441650390625,8730.5361328125,356.2225036621094,0.9920848608016968,0.5985738635063171,0.8233869671821594,13763.841796875,463.4375915527344,1.0,0.6453342437744141,0.8507169485092163,0.7054443955421448,6726.349963378904,7790.570361328122,186.01469421386702,0.18120520710945132,0.4253542661666869,0.2754150629043579,10833.87373046875,244.96979370117174,0.1761174917221069,0.586999076604843,0.31923370957374575,0.36829023957252494,2334.4228515625,2122.029541015625,174.89788818359375,0.9834862351417542,0.38823437690734863,0.9074692130088806,4624.3955078125,267.9587707519531,0.9881809949874878,0.6143231391906738,0.8428155183792114,0.49058347940444946,4059.7319717407245,6031.780499267586,192.35519065856937,0.23680531978607178,0.48458509296178837,0.23178085684776306,8022.732421875004,239.2704494476319,0.1839206501841545,0.46016631424427035,0.3353032857179642,0.5119639951735735,4810.39599609375,7697.5595703125,473.4534606933594,0.8045358657836914,0.4896364212036133,0.501177966594696,12099.4228515625,425.47869873046875,1.0,0.42752891778945923,0.9148160815238953,0.6266335248947144,2686.010223388672,4718.385498046875,387.91364669799805,0.3747570887207985,0.6359211206436157,0.5094385482370853,5613.64501953125,187.0474624633789,0.136859692633152,0.43792166747152805,0.3569091707468033,0.1900261901319027,0.3850574712643678,0.5201149425287356,0.09482758620689655,0.09482758620689655,0.5201149425287356,0.09482758620689655,0.3850574712643678,0.022388059701492536,0.39552238805970147,0.0,0.022388059701492536,0.39552238805970147,0.0,0.049723756906077346,0.0,0.0,0.2835820895522388,0.0
Sample_74,3109.187744140625,8492.419921875,362.62579345703125,0.9932892322540283,0.6185368895530701,0.8432196378707886,11137.109375,441.10223388671875,1.0,0.4748789668083191,0.8640623092651367,0.725725531578064,7080.350708007807,10420.651989746093,256.16813430786124,0.2529711440205574,0.4004584856331348,0.3524717271327972,15137.739331054685,299.23568572998045,0.1492605328559875,0.5208806734532118,0.30714689791202543,0.2277233451604842,1852.6143798828125,3372.473388671875,206.1254425048828,0.967212438583374,0.42740345001220703,0.8892855644226074,5342.92578125,280.8847961425781,0.9975936412811279,0.553555965423584,0.8584603667259216,0.6218234300613403,3019.4951171875,5201.618322753907,200.75306396484376,0.19984724819660182,0.5692370109260083,0.30538326501846313,5898.482727050782,191.85965042114256,0.24017112851142886,0.5878772906959058,0.39105897545814516,0.5629660651087761,4188.8603515625,6131.892578125,378.22088623046875,0.9218684434890747,0.7320672273635864,0.5277617573738098,10454.87109375,385.829345703125,0.9824975728988647,0.4938443899154663,0.8751856088638306,0.5786927938461304,6504.873358154296,3640.215332031248,219.51725082397456,0.3033774614334106,0.32461761087179175,0.4850018717348576,6479.768603515624,212.62226943969722,0.21841199398040767,0.5939988605678082,0.25904900431632993,0.3926475919783115,0.31438127090301005,0.46488294314381273,0.22073578595317725,0.22073578595317725,0.46488294314381273,0.22073578595317725,0.31438127090301005,0.02127659574468085,0.3404255319148936,0.0,0.02127659574468085,0.3404255319148936,0.0,0.03597122302158273,0.0,0.007194244604316547,0.1276595744680851,0.045454545454545456
Sample_75,4176.4951171875,9417.525390625,372.08233642578125,0.947059154510498,0.6090874671936035,0.832682728767395,13391.9833984375,459.3935546875,0.9709267616271973,0.4781363606452942,0.8766437768936157,0.7103885412216187,6420.509228515624,8691.689221191402,185.51068572998042,0.204185388982296,0.5415048323571678,0.2833281382918357,10958.651196289042,291.16157302856436,0.2606130793690682,0.5569989129900931,0.3114555776119232,0.4081856310367584,3129.4384765625,2846.4853515625,202.15158081054688,0.9859377145767212,0.49466490745544434,0.8521608114242554,6637.68359375,311.4007568359375,0.9980056285858154,0.6368957757949829,0.8409412503242493,0.5018725395202637,4978.880050659178,6527.605935668946,190.48570632934567,0.17722601294517515,0.537602412700653,0.2801682069897651,9386.632226562495,234.61284332275383,0.15889859646558757,0.6593914810568093,0.33281481862068174,0.572395384684205,4718.8291015625,5002.091796875,358.3034362792969,0.8551973700523376,0.8576656579971313,0.5433636903762817,10371.3427734375,399.4777526855469,1.0,0.533348023891449,0.923048198223114,0.5498148202896118,3006.592663574219,3748.3468749999993,72.3624328613281,0.19792635142803194,0.4080324113368987,0.24021556079387668,2145.0853515624985,134.7810577392578,0.20387272834777836,0.38340882062911985,0.24783908128738397,0.3158378615975379,0.5053763440860215,0.2831541218637993,0.2114695340501792,0.2114695340501792,0.2831541218637993,0.2114695340501792,0.5053763440860215,0.0,0.2907801418439716,0.0,0.0,0.2907801418439716,0.0,0.0379746835443038,0.0,0.0,0.28368794326241137,0.0
Sample_76,5544.90478515625,9557.4755859375,386.9949035644531,0.971170961856842,0.529043436050415,0.8292655944824219,15537.5908203125,480.6365661621094,0.9893423318862915,0.4921308159828186,0.8528066277503967,0.6522454023361206,8606.839270019529,11841.556469726558,244.75755004882808,0.2216255307197571,0.5515789553523064,0.3541539549827576,18466.554199218746,262.2628616333007,0.23419416248798375,0.49884418174624434,0.3216063261032105,0.41072173565626136,2576.00927734375,2656.23486328125,194.1864776611328,0.9935123920440674,0.41849422454833984,0.90494704246521,5339.7890625,274.1398010253906,0.973609209060669,0.5862352848052979,0.8418066501617432,0.5040841698646545,4791.024676513671,4617.5528961181635,169.10626583099364,0.17268033176660535,0.4789537291973829,0.2532723546028137,8060.002600097652,261.5279937744141,0.24399988800287242,0.5168209083378315,0.32503964602947233,0.5600813832134007,4790.78369140625,5853.1630859375,307.8323974609375,0.8961365222930908,0.7057473659515381,0.592994213104248,10580.0146484375,392.76397705078125,1.0,0.5495476722717285,0.8947159051895142,0.5621284246444702,3052.1072265625,2834.2597045898438,165.18818283081055,0.29275218844413764,0.6435747236013412,0.5102667979896068,4473.92784423828,188.81623992919924,0.08185146600008009,0.7341643411666154,0.21286881864070895,0.1973159417510033,0.41818181818181815,0.3939393939393939,0.18787878787878787,0.18787878787878787,0.3939393939393939,0.18787878787878787,0.41818181818181815,0.0,0.3333333333333333,0.028985507246376812,0.0,0.3333333333333333,0.028985507246376812,0.046153846153846156,0.0,0.0,0.32608695652173914,0.0
Sample_77,2822.331298828125,8317.11328125,408.3194580078125,0.8558964729309082,0.7993099689483643,0.677848756313324,12138.9169921875,451.7172546386719,0.9765971899032593,0.7674680948257446,0.8068925142288208,0.7345104217529297,3047.3980255126953,5796.064050292969,242.26929168701173,0.3129471197724343,0.49675255566835397,0.42635893672704694,6256.075964355468,209.2029747009277,0.15868845582008362,0.4268851228058338,0.2743334367871283,0.2829849854111671,3003.072265625,2874.465087890625,200.3887176513672,0.9765376448631287,0.42766323685646057,0.893237292766571,5799.13818359375,301.1120910644531,0.9780372381210327,0.5397831797599792,0.8309584856033325,0.5424616932868958,6198.856005859375,7440.7507324218695,237.68402862548828,0.17815599441528318,0.5142709195613857,0.2684496760368347,10336.382617187499,241.31625366210935,0.19000840187072754,0.6605897694826126,0.34256957769393925,0.5172757267951965,5171.2021484375,6859.9453125,386.09417724609375,0.9005228877067566,0.7151139974594116,0.5419880151748657,11707.3544921875,415.77325439453125,0.9408009648323059,0.5082471370697021,0.8507912158966064,0.6065258979797363,4954.01611328125,12194.384875488277,439.4986328125,0.3121995225548744,0.5008723616600037,0.47545631751418116,11973.419628906246,233.97416076660159,0.21353375911712646,0.4028410129249096,0.2594331547617912,0.4288836233317852,0.11960132890365449,0.4584717607973422,0.4219269102990033,0.4219269102990033,0.4584717607973422,0.4219269102990033,0.11960132890365449,0.0,0.5,0.0,0.0,0.5,0.0,0.07971014492753623,0.0,0.014492753623188406,0.6111111111111112,0.07874015748031496
Sample_78,2990.90673828125,8754.390625,353.7218017578125,0.9904105067253113,0.5166501402854919,0.8604696989059448,11663.51171875,426.0469970703125,0.9878444671630859,0.4766339063644409,0.8531394004821777,0.7529650926589966,5583.885073852538,11730.671606445287,259.1563171386717,0.1951422467827797,0.4750307030975817,0.3208561107516289,16126.114855957014,356.7935539245605,0.19076187163591385,0.559216870740056,0.2626418098807335,0.2607638224959373,1773.352783203125,1582.890625,158.50424194335938,0.9729021787643433,0.37295353412628174,0.910859227180481,3451.90625,248.3919677734375,1.0,0.4963608980178833,0.860217809677124,0.4875129461288452,2224.0388793945312,3280.0386123657227,133.0482997894287,0.1543741449713707,0.5577223543077707,0.242025725543499,3975.6818084716797,144.7587127685547,0.1611204817891121,0.6074131224304438,0.36597705632448196,0.4774387739598751,4711.40087890625,6091.98681640625,421.63671875,0.7691007852554321,0.7461193799972534,0.45747727155685425,10655.396484375,411.2430725097656,0.9703397154808044,0.5849812030792236,0.8826066851615906,0.5615930557250977,5094.2425537109375,3862.833923339842,273.38510742187486,0.3824846148490906,0.5963986381888389,0.4733068928122519,5606.833618164059,253.01524505615225,0.17695043981075287,0.6326451458036897,0.47412267625331883,0.3367450013756752,0.35984848484848486,0.2727272727272727,0.36742424242424243,0.36742424242424243,0.2727272727272727,0.36742424242424243,0.35984848484848486,0.0,0.06315789473684211,0.042105263157894736,0.0,0.06315789473684211,0.042105263157894736,0.0,0.0,0.0,0.1368421052631579,0.07216494845360824
Sample_79,5343.3935546875,10406.9033203125,396.2273254394531,0.9486867189407349,0.5786280035972595,0.7967424988746643,15844.625,493.4760437011719,0.9878976941108704,0.6055324077606201,0.8364185690879822,0.6656183004379272,7677.630920410156,15752.765869140625,231.27722930908203,0.2200264185667038,0.6503302715718746,0.3380149155855179,16580.31689453125,316.670654296875,0.19159680604934692,0.5125640258193016,0.3702487349510193,0.42968735098838806,2155.060791015625,1799.07373046875,165.98452758789062,0.9775799512863159,0.4313771426677704,0.8915188312530518,4474.82080078125,261.893798828125,0.9729124903678894,0.5841542482376099,0.8269606232643127,0.4635826051235199,4655.793695068351,4520.892193603514,167.60805606842024,0.21088056415319445,0.5872979419305919,0.291849821805954,8286.668963623035,255.68193702697744,0.20287131071090703,0.4808790095150467,0.4856403604149818,0.4853726480156183,5008.80322265625,5766.53271484375,373.36566162109375,0.892573893070221,0.6853192448616028,0.5629217624664307,11423.947265625,409.1288146972656,0.9856813549995422,0.5052206516265869,0.8849081993103027,0.5402964949607849,9913.675341796874,4775.925390625,318.88540802001944,0.32996403574943545,0.5829962313175201,0.6153352998197079,9277.455712890624,177.69454650878907,0.17526755332946775,0.4793486498296261,0.25464995205402374,0.5015114560723304,0.24271844660194175,0.3074433656957929,0.44983818770226536,0.44983818770226536,0.3074433656957929,0.44983818770226536,0.24271844660194175,0.0,0.10666666666666667,0.06666666666666667,0.0,0.10666666666666667,0.06666666666666667,0.0,0.0,0.0,0.5333333333333333,0.17985611510791366
Sample_8,7630.3427734375,11443.9375,437.6728515625,0.9869626760482788,0.5631927251815796,0.8161873817443848,18605.19140625,544.9107666015625,0.9916844367980957,0.5503743886947632,0.8444360494613647,0.6169551610946655,16250.086376953128,22555.754919433595,500.3173355102539,0.17083805799484253,0.5896355353295804,0.3459658950567246,36779.33212890625,510.64504013061537,0.23484661430120468,0.48288218900561336,0.28392516970634474,0.30215720385313033,2836.1123046875,2735.03564453125,193.72140502929688,0.9926219582557678,0.4340977966785431,0.8777675032615662,5610.23486328125,288.2416687011719,0.9780115485191345,0.6001788973808289,0.8306186199188232,0.49041447043418884,5824.687005615237,6579.309301757812,201.86032714843753,0.18823162913322444,0.46162184476852414,0.30628124177455907,11786.512036132815,262.73109436035156,0.24674707949161523,0.5492229491472246,0.31749176681041713,0.4512431547045709,6115.04052734375,5379.08203125,428.90045166015625,0.7985811233520508,0.789340615272522,0.49561411142349243,12750.2646484375,436.65948486328125,0.9553554654121399,0.44792473316192627,0.8871856331825256,0.46537214517593384,4437.714697265626,5282.696337890626,243.50032424926763,0.31257643699646,0.3914045721292496,0.45650314986705787,6722.848095703126,149.53105316162112,0.15985843837261204,0.6778675153851509,0.16838990747928617,0.28518332690000536,0.4166666666666667,0.4772727272727273,0.10606060606060606,0.10606060606060606,0.4772727272727273,0.10606060606060606,0.4166666666666667,0.02727272727272727,0.2545454545454545,0.02727272727272727,0.02727272727272727,0.2545454545454545,0.02727272727272727,0.1111111111111111,0.0,0.0,0.5909090909090909,0.17857142857142858
Sample_80,5830.12451171875,12576.65234375,409.9252014160156,0.9523545503616333,0.5220078229904175,0.8680562376976013,19546.265625,568.4771118164062,1.0,0.5438024997711182,0.8494126200675964,0.6518545150756836,10705.987292480468,12545.256323242185,227.82540588378902,0.2551765739917755,0.36096860468387604,0.27997079193592067,20438.748095703122,272.4562881469726,0.14621741771697994,0.5447771221399307,0.3108531326055527,0.37931961417198173,3068.70703125,2675.050048828125,198.35462951660156,0.9629796147346497,0.3866443932056427,0.9041104316711426,5748.70849609375,309.72088623046875,0.9697265028953552,0.5606222748756409,0.834805965423584,0.4905935525894165,5312.3963623046875,5897.464157104492,182.8990993499756,0.24047055840492249,0.4510732889175415,0.28297024965286255,9112.409423828125,203.4790496826172,0.24692220985889435,0.568519800901413,0.37217167019844055,0.5958949327468872,5074.04638671875,4766.669921875,388.9681701660156,0.7468444108963013,0.7205348610877991,0.3527311682701111,10422.970703125,372.81829833984375,0.9788152575492859,0.4887568950653076,0.8911229968070984,0.45983177423477173,4806.803649902344,3739.5374938964833,198.21087417602536,0.28974088877439497,0.4807701505720615,0.367061161249876,4327.056286621093,137.77982635498046,0.2583850026130676,0.36020850390195835,0.2891915082931519,0.3472593776881695,0.11290322580645161,0.6903225806451613,0.1967741935483871,0.1967741935483871,0.6903225806451613,0.1967741935483871,0.11290322580645161,0.0,0.05714285714285714,0.0,0.0,0.05714285714285714,0.0,0.12149532710280374,0.0,0.0,0.6285714285714286,0.0
Sample_81,4166.97265625,9666.7275390625,386.6382751464844,0.9934439659118652,0.5600518584251404,0.8324148654937744,13536.09375,445.13922119140625,0.9999266862869263,0.4532819986343384,0.8066349029541016,0.7107566595077515,3496.9424743652344,10391.405395507812,371.5452117919922,0.13651369512081146,0.4645766094326973,0.3907284736633301,12915.281616210938,377.7147331237793,0.23923099040985107,0.5024606883525848,0.2882353588938713,0.20012927800416946,2925.86328125,3224.674072265625,211.7686309814453,0.9765468835830688,0.4272982180118561,0.8862127661705017,6403.587890625,310.0532531738281,1.0,0.5509031414985657,0.8630878925323486,0.5187138319015503,6506.810510253907,6418.995532226553,182.77190399169916,0.16953187584877016,0.5625159293413162,0.27605895996093754,7996.6917968749985,207.7892044067383,0.19729478955268864,0.57428430467844,0.31191529035568233,0.5034918919205666,5029.591796875,6087.341796875,406.1583251953125,0.8457190990447998,0.6808956861495972,0.4792105555534363,11516.806640625,414.5865173339844,0.9543685913085938,0.41369903087615967,0.8577629327774048,0.5295392274856567,10108.405572509766,9654.897363281241,340.90744857788087,0.25993513017892833,0.43737745359539965,0.43871201276779154,17439.517041015613,341.16508331298826,0.16706662327051158,0.49988900050520824,0.2942748039960861,0.28013692721724504,0.1582089552238806,0.5880597014925373,0.2537313432835821,0.2537313432835821,0.5880597014925373,0.2537313432835821,0.1582089552238806,0.4339622641509434,0.1320754716981132,0.0,0.4339622641509434,0.1320754716981132,0.0,0.13705583756345177,0.005076142131979695,0.02030456852791878,0.07547169811320754,0.1411764705882353
Sample_82,4133.029296875,8626.1484375,372.93701171875,0.984965980052948,0.627940833568573,0.81650310754776,12918.0048828125,438.3525085449219,0.9896079897880554,0.5458703637123108,0.8406143188476562,0.7038792967796326,9289.999389648438,10045.040698242185,254.67527313232426,0.21007408201694489,0.5383768424391745,0.3445636600255966,19271.87612304687,307.77728271484375,0.20172381997108457,0.579439905285835,0.33528671264648435,0.37536652386188507,1879.3037109375,2617.7548828125,194.4744415283203,0.989826500415802,0.42598581314086914,0.8325808644294739,4534.0029296875,240.31033325195312,0.9676362872123718,0.45621418952941895,0.8558703064918518,0.5195426940917969,2057.7253784179684,3397.1837402343745,135.06086273193358,0.13185852766036987,0.3262962982058525,0.2943091809749604,3862.7679443359375,118.35567474365234,0.11420234441757204,0.469789558649063,0.2765035450458526,0.4096498727798461,5755.701171875,7271.14892578125,378.0186462402344,0.9420006275177002,0.6319506168365479,0.7377128601074219,12962.501953125,405.6587219238281,1.0,0.49635049700737,0.8397223949432373,0.5827797055244446,2592.845483398438,5452.953161621095,112.46158218383789,0.1696755394339562,0.23472630828619012,0.34369322434067723,5847.538378906251,172.10338058471683,0.13485090285539625,0.27808177173137666,0.1053781315684319,0.16854227930307392,0.889168765743073,0.06297229219143577,0.04785894206549118,0.04785894206549118,0.06297229219143577,0.04785894206549118,0.889168765743073,0.019830028328611898,0.13031161473087818,0.0,0.019830028328611898,0.13031161473087818,0.0,0.0,0.0,0.0,0.14447592067988668,0.42105263157894735
Sample_83,2962.17724609375,7622.86474609375,357.5673522949219,1.0,0.6882240772247314,0.7872743606567383,10585.0419921875,420.4811706542969,0.917082667350769,0.618408739566803,0.8771427869796753,0.7177771925926208,1846.6660400390624,3493.5822265624993,113.03546752929691,0.0555392980575562,0.1678615033626557,0.20693017840385441,4987.699414062499,46.39519348144535,0.13252016305923464,0.13936981558799744,0.14571228027343752,0.06329963803291327,2924.76318359375,2513.26318359375,187.15478515625,0.985419750213623,0.4330850839614868,0.8999624848365784,5614.4365234375,284.99310302734375,0.9854568243026733,0.5285179018974304,0.8482080698013306,0.48124217987060547,3544.931576538085,5843.537109375,206.35082645416253,0.19569807648658755,0.41664631292223897,0.2997044324874878,8599.901690673825,246.075556182861,0.22077445685863495,0.5834289059042927,0.34228182137012486,0.4993776835501191,5363.462890625,4638.744140625,393.3576354980469,0.7575160264968872,0.7138934135437012,0.3875039219856262,10330.71875,378.06378173828125,0.9651257991790771,0.5293142199516296,0.9076782464981079,0.4825637936592102,2994.5953613281226,4004.0508728027335,234.9156738281249,0.3149558067321777,0.4405494615435601,0.6012041479349137,4164.543798828125,146.78741989135744,0.12272799462079997,0.25566778257489203,0.25499788820743563,0.29205199554562566,0.03409090909090909,0.803030303030303,0.16287878787878787,0.16287878787878787,0.803030303030303,0.16287878787878787,0.03409090909090909,0.0,0.5555555555555556,0.0,0.0,0.5555555555555556,0.0,0.02830188679245283,0.0,0.0,0.3333333333333333,0.0
Sample_84,4014.66357421875,9667.3076171875,379.6109619140625,0.9320203065872192,0.5078088641166687,0.8359193801879883,13378.78125,447.64300537109375,0.9922197461128235,0.6563819646835327,0.792465329170227,0.7078611254692078,6452.729785156248,6316.3388671875,149.92100219726558,0.24317641258239742,0.5587667942047119,0.36752505302429195,9022.152734374999,247.07122802734375,0.16777222156524663,0.5862869262695313,0.21745942831039422,0.3300016045570373,2943.155517578125,2796.044921875,202.85279846191406,0.9769629240036011,0.41659221053123474,0.882011353969574,5829.1298828125,290.3177185058594,0.961902379989624,0.5102195739746094,0.8498576879501343,0.5011884570121765,6982.535156249983,6157.414123535156,247.9730941772458,0.22808167934417722,0.46080870628356935,0.34665536880493164,11295.676806640593,267.8758407592769,0.2006095886230469,0.6174934864044189,0.36657283306121824,0.48954559862613667,5665.41845703125,5518.1669921875,337.3021545410156,0.8345462083816528,0.7623556852340698,0.5754399299621582,10850.21875,398.97076416015625,0.9505189657211304,0.3964921534061432,0.8550630211830139,0.4870656430721283,2864.423669433594,6364.459667968749,129.7450881958008,0.2878284990787505,0.3222748786211014,0.23833179622888567,5751.7911621093735,136.9775390625,0.20786792039871216,0.4601775079965591,0.27409020662307737,0.38831324279308316,0.14454277286135694,0.7433628318584071,0.11209439528023599,0.11209439528023599,0.7433628318584071,0.11209439528023599,0.14454277286135694,0.0,0.3673469387755102,0.0,0.0,0.3673469387755102,0.0,0.15873015873015872,0.0,0.01984126984126984,0.2653061224489796,0.23684210526315788
Sample_85,3528.071044921875,8386.0068359375,342.09832763671875,0.9602696895599365,0.6339142322540283,0.8186710476875305,11577.8671875,405.697265625,0.9858711957931519,0.5275600552558899,0.8580809831619263,0.7119098901748657,3585.8602447509766,5937.842834472656,180.4660987854004,0.261943556368351,0.43240104988217354,0.3028351366519928,8448.796875,244.81882095336914,0.21042028814554214,0.5652493722736835,0.2698134407401085,0.22292405366897583,3168.7041015625,2760.5634765625,200.5197296142578,1.0,0.4297313094139099,0.9193903207778931,6360.763671875,320.48077392578125,0.9514155387878418,0.586494505405426,0.8431674242019653,0.4889528751373291,6039.190864562988,5882.774864196777,172.2551498413086,0.22397562116384506,0.5057022124528885,0.2897493988275528,8915.05990600586,238.26555824279785,0.22222963720560074,0.46925725415349007,0.3724869340658188,0.472836472094059,3097.9912109375,6347.8974609375,371.6719665527344,0.8646126985549927,0.6194814443588257,0.5565540790557861,10019.787109375,377.4228515625,0.9741824269294739,0.3780766427516937,0.9125181436538696,0.6270790100097656,4629.470117187499,4172.38744506836,210.3787002563476,0.38796049207448946,0.26589173823595036,0.518578028306365,4429.097119140624,123.07699356079104,0.10739412754774091,0.3057359412312507,0.18064960390329365,0.38988048061728475,0.3588235294117647,0.5264705882352941,0.11470588235294117,0.11470588235294117,0.5264705882352941,0.11470588235294117,0.3588235294117647,0.0,0.23770491803278687,0.0,0.0,0.23770491803278687,0.0,0.18435754189944134,0.0335195530726257,0.0,0.19672131147540983,0.10256410256410256
Sample_86,4557.7958984375,9483.509765625,384.4516296386719,0.973517894744873,0.4999420642852783,0.8486778736114502,13958.37109375,455.9365234375,0.9783049821853638,0.49451112747192383,0.8575561046600342,0.6921489238739014,5402.623928833005,9977.412951660153,205.45382385253902,0.23846893906593325,0.561580591648817,0.2947024524211883,13127.15244140625,270.00356063842776,0.22288187742233279,0.4401040591299527,0.33707187324762344,0.2617573216557503,2320.3115234375,3222.05078125,217.68170166015625,0.9753558039665222,0.4421343505382538,0.8895872831344604,5557.32275390625,288.956787109375,0.9851920008659363,0.4573807418346405,0.8798162937164307,0.5773540139198303,3760.4408569335938,4752.950772094727,190.9142889022827,0.20136123597621913,0.5717395521700381,0.3246503844857216,5864.949285888671,192.04795074462885,0.17350012958049776,0.7242928653955459,0.2903297632932663,0.643683960288763,5277.69189453125,6243.2197265625,367.511474609375,0.8482657670974731,0.608555793762207,0.520843505859375,11309.12109375,423.74261474609375,0.9998193383216858,0.3946112394332886,0.8975216150283813,0.5389246940612793,6112.772003173829,10710.732269287117,383.44444351196285,0.3248204976320267,0.4661218814551831,0.3355499416589738,15250.057031250004,340.3635704040527,0.13215211629867551,0.43339801803231254,0.3270196780562401,0.3190002970397473,0.33045977011494254,0.5344827586206896,0.13505747126436782,0.13505747126436782,0.5344827586206896,0.13505747126436782,0.33045977011494254,0.0,0.02608695652173913,0.0,0.0,0.02608695652173913,0.0,0.04838709677419355,0.021505376344086023,0.0,0.1826086956521739,0.0425531914893617
Sample_87,3260.15283203125,8487.5703125,351.93389892578125,0.9796697497367859,0.6144341230392456,0.8321450352668762,11602.1005859375,416.6427307128906,1.0,0.563870906829834,0.8496231436729431,0.7126463055610657,4442.694525146483,8954.411499023427,200.73662567138655,0.2288088113069534,0.5096897155046463,0.3656128972768784,11183.653076171871,261.5128524780272,0.1817807495594025,0.5642564669251442,0.33764674365520464,0.28996125757694236,2447.223876953125,2421.575927734375,196.85134887695312,0.978823184967041,0.4272664785385132,0.8573211431503296,5059.6376953125,292.576416015625,0.9703191518783569,0.5342289209365845,0.849481999874115,0.5332525968551636,4035.300256347653,6466.19166412353,163.28803901672347,0.1620776131749153,0.4794337201863527,0.3112321391701698,9037.161743164059,270.7393482208252,0.13741851747035982,0.486105135083198,0.2446517959237099,0.4761977314949035,6546.0380859375,6346.34130859375,383.1341247558594,0.9154421091079712,0.8134008049964905,0.574773907661438,12979.84375,449.00140380859375,0.9817762970924377,0.4349498152732849,0.9000571966171265,0.49352073669433594,3942.3353271484375,5878.0262451171875,134.53196334838867,0.32374807447195053,0.3799862712621689,0.3953237421810627,5691.473388671875,169.60518264770508,0.17336522787809372,0.5399641934782267,0.2555822730064392,0.3698664754629135,0.5882352941176471,0.19852941176470587,0.21323529411764705,0.21323529411764705,0.19852941176470587,0.21323529411764705,0.5882352941176471,0.025,0.08125,0.0,0.025,0.08125,0.0,0.0,0.0,0.0,0.15,0.05172413793103448
Sample_88,5045.705078125,9554.3955078125,362.8394775390625,0.96497642993927,0.5980782508850098,0.8239367604255676,14308.7734375,466.3627014160156,0.9523841142654419,0.5626828670501709,0.8547053933143616,0.6786636114120483,5503.563720703118,7719.612499999994,148.74547882080066,0.16362944841384885,0.4099091291427612,0.3130383074283599,9980.619433593747,193.8859115600585,0.18419069349765782,0.4527978241443633,0.20997694730758665,0.2999830290675163,2474.6923828125,2704.15576171875,201.1981658935547,0.9982301592826843,0.44073396921157837,0.8823044300079346,5230.49365234375,274.65814208984375,0.9733273386955261,0.6100615859031677,0.8415465950965881,0.4823736548423767,5086.322631835934,8254.259362792967,227.84045486450196,0.20422697067260742,0.4424903616309165,0.2571581661701202,11284.68327636718,255.3090911865233,0.2507185220718384,0.45666649639606466,0.35732257962226865,0.5184271648526192,5019.986328125,6172.02783203125,381.9457092285156,0.8699331283569336,0.7965954542160034,0.6059533953666687,11924.86328125,409.62335205078125,0.9774100184440613,0.48037558794021606,0.8784390091896057,0.5418666005134583,5798.048583984373,5189.109582519532,158.1721740722656,0.3142825961112976,0.38940637111663823,0.48672452270984645,5709.528320312498,172.81812896728513,0.16199810504913326,0.5731874063611031,0.2724988251924515,0.4052194237709045,0.2569444444444444,0.5381944444444444,0.2048611111111111,0.2048611111111111,0.5381944444444444,0.2048611111111111,0.2569444444444444,0.0,0.08108108108108109,0.0,0.0,0.08108108108108109,0.0,0.14193548387096774,0.0,0.0,0.2972972972972973,0.0
Sample_89,3945.359130859375,9479.09375,382.9627990722656,1.0,0.5769872069358826,0.8198485374450684,12701.556640625,432.40093994140625,1.0,0.4648391902446747,0.8420112133026123,0.7278175354003906,7692.592907714842,9881.739599609375,225.07501220703108,0.22537513971328738,0.5751067012548443,0.3906679928302764,16071.254687499999,306.42050476074184,0.22365489602088928,0.49277219772338854,0.27585017681121826,0.2867036581039428,2924.843994140625,1889.7056884765625,179.14341735839844,0.9553073644638062,0.3960915505886078,0.8854749798774719,4908.98583984375,272.7666320800781,0.9720700979232788,0.5399632453918457,0.8407655954360962,0.45584166049957275,3869.815185546876,6520.106103515626,184.1698699951172,0.24896298646926884,0.4873312205076219,0.2737052202224731,9006.285888671877,235.1465423583985,0.21676496267318723,0.6635190010070801,0.3979908227920532,0.49310749769210815,6213.3740234375,5112.546875,369.09625244140625,0.8556188344955444,0.6732164621353149,0.4984915554523468,10708.4833984375,396.2967529296875,0.9722366333007812,0.6127957105636597,0.8460716605186462,0.44147825241088867,7248.575787353516,4442.159558105467,226.11244926452636,0.35150049775838854,0.5705988183617592,0.5353403694927692,7621.121716308593,171.74143676757808,0.24605795741081238,0.4097153946757316,0.34154805541038513,0.48353927060961716,0.3741721854304636,0.3741721854304636,0.25165562913907286,0.25165562913907286,0.3741721854304636,0.25165562913907286,0.3741721854304636,0.09734513274336283,0.22123893805309736,0.008849557522123894,0.09734513274336283,0.22123893805309736,0.008849557522123894,0.035398230088495575,0.035398230088495575,0.0,0.08849557522123894,0.039473684210526314
Sample_9,2033.8502197265625,8367.466796875,351.4876708984375,0.9757044911384583,0.6406453847885132,0.8432639837265015,10698.3896484375,402.4814758300781,0.9767598509788513,0.5311545729637146,0.8478215336799622,0.7902545928955078,5240.992977905271,11349.323779296872,289.8863052368162,0.23421767055988307,0.5221333965659141,0.3253043860197067,14874.939843749999,309.0315093994141,0.2071492344141006,0.48007443845272063,0.33824368715286257,0.2539356887340545,1826.6231689453125,1893.65478515625,154.58583068847656,0.9928987622261047,0.43748950958251953,0.8763190507888794,3748.484375,240.0250701904297,0.9935673475265503,0.47557106614112854,0.8143206238746643,0.5002264380455017,3265.3803085327154,4525.498988342286,144.16747589111327,0.1566009745001793,0.4269032910466195,0.297048844397068,7382.995043945315,199.02829475402837,0.20333361625671387,0.45756190121173873,0.3229583993554115,0.4554324813187123,5044.05615234375,5987.4140625,379.1148681640625,0.8768801689147949,0.8004741668701172,0.46490615606307983,10943.6708984375,395.0705261230469,0.9740921854972839,0.5007120966911316,0.863233745098114,0.553870439529419,3781.8550048828124,5069.574194335937,297.5213268280029,0.2502528190612793,0.6096117310225964,0.5112076729536056,4856.385180664061,159.1804252624512,0.17038825899362564,0.37284298464655863,0.18189266026020057,0.3412528701126576,0.5644171779141104,0.2883435582822086,0.147239263803681,0.147239263803681,0.2883435582822086,0.147239263803681,0.5644171779141104,0.03804347826086957,0.21739130434782608,0.0,0.03804347826086957,0.21739130434782608,0.0,0.0425531914893617,0.0,0.0,0.15760869565217392,0.0
Sample_90,3198.988525390625,8397.0146484375,347.80352783203125,0.9757866859436035,0.549458384513855,0.8253145217895508,11775.23046875,401.371826171875,0.9567654132843018,0.5597969889640808,0.8606223464012146,0.7270781993865967,4923.6892425537035,8334.949340820312,221.62029113769518,0.1924010753631592,0.5871692508459091,0.34009194076061244,12255.07841796875,260.2874999999999,0.21528965830802915,0.4897285938262937,0.3090835303068161,0.2664064675569533,2991.227783203125,2256.2802734375,183.73501586914062,0.9863619804382324,0.4070606827735901,0.9015735983848572,5425.419921875,286.67022705078125,0.9862305521965027,0.5683214664459229,0.8161110281944275,0.4289150834083557,6163.109410095209,5067.930543518066,171.49184646606432,0.19089202284812923,0.44346724785864344,0.2816979497671127,7289.826165771481,215.932413101196,0.1946963250637055,0.5504481669515371,0.36194026023149484,0.5433270812034606,8403.046875,9555.7255859375,556.5492553710938,0.8244667053222656,0.7408474087715149,0.3542107343673706,17632.69140625,527.486572265625,0.9611202478408813,0.5171301364898682,0.8483965992927551,0.5273895263671875,1540.4456787109375,3216.9461669921875,164.65248107910156,0.27578041702508926,0.25131364166736603,0.1459108553826809,3282.028076171875,129.30305862426758,0.06615917384624481,0.12083181738853455,0.22345630824565887,0.11238619312644005,0.3684210526315789,0.6052631578947368,0.02631578947368421,0.02631578947368421,0.6052631578947368,0.02631578947368421,0.3684210526315789,0.008928571428571428,0.07142857142857142,0.008928571428571428,0.008928571428571428,0.07142857142857142,0.008928571428571428,0.08695652173913043,0.0,0.0,0.16964285714285715,0.0
Sample_91,,,,,,,,,,,,,,,,,,,,,,,,,2215.077880859375,2412.751708984375,186.72177124023438,0.9882537722587585,0.3784557282924652,0.9069852232933044,4910.0830078125,268.1308898925781,0.9763198494911194,0.5561403632164001,0.8489446043968201,0.5050297975540161,5467.7449951171875,4516.047912597656,150.68413162231445,0.22125326097011566,0.5410145372152328,0.27612870931625366,6793.42431640625,222.02406692504883,0.17053784430027008,0.542403519153595,0.3210267871618271,0.5732962973415852,3970.61279296875,5521.45849609375,423.6975402832031,0.787197470664978,0.7958568334579468,0.3445667028427124,9447.2705078125,388.47174072265625,0.9247099161148071,0.5330838561058044,0.8455502986907959,0.5577524900436401,3668.608422851563,3138.33544921875,265.9482177734375,0.3347988188266754,0.3171873420476913,0.44079398736357683,4260.515612792968,136.88054962158202,0.16524501740932462,0.2943201571702956,0.25793022811412813,0.2424498356878757,0.017391304347826087,0.7521739130434782,0.23043478260869565,0.23043478260869565,0.7521739130434782,0.23043478260869565,0.017391304347826087,,,,,,,0.028901734104046242,0.0,0.0,,0.03773584905660377
Sample_92,4273.13818359375,10266.5341796875,398.5303649902344,0.9962850213050842,0.5483028292655945,0.8359507322311401,14922.7119140625,467.0762023925781,0.9759623408317566,0.5423972010612488,0.8328036069869995,0.6961132287979126,8068.90966796875,7722.3963623046875,199.8994903564453,0.18562348186969757,0.5322607308626175,0.35007525980472565,11137.601806640625,204.8026885986328,0.2183653861284256,0.6622538454830647,0.31378665566444397,0.3593583181500435,3226.554931640625,3560.95361328125,224.36270141601562,0.9725444316864014,0.41275879740715027,0.9114393591880798,7138.55908203125,313.5794372558594,0.9674365520477295,0.5500641465187073,0.853706419467926,0.525209903717041,5915.354403686522,7769.257263183594,233.2899200439453,0.20199483036994936,0.5890445083379745,0.26132267713546753,10992.619409179686,286.90265502929685,0.25962630808353426,0.5332420989871025,0.34414669275283805,0.568451888859272,4957.1484375,6441.33203125,425.1160888671875,0.8720995783805847,0.8039513826370239,0.4828931391239166,11425.7890625,422.79486083984375,0.9599056243896484,0.5372259616851807,0.8698219060897827,0.562771737575531,13330.821563720707,5813.53286743164,362.52668457031257,0.26655047237873075,0.7054695464670658,0.5044481568038464,16990.83920898438,221.87026748657223,0.2751944541931153,0.43085598014295107,0.26661131083965295,0.4394965335726739,0.43351063829787234,0.300531914893617,0.26595744680851063,0.26595744680851063,0.300531914893617,0.26595744680851063,0.43351063829787234,0.0,0.07975460122699386,0.03067484662576687,0.0,0.07975460122699386,0.03067484662576687,0.168141592920354,0.0,0.0,0.3496932515337423,0.39
Sample_93,4607.45361328125,10101.46875,384.4678649902344,0.9698175191879272,0.5172075033187866,0.8703837990760803,14287.970703125,459.6647033691406,1.0,0.5137821435928345,0.8519254922866821,0.6888260841369629,5776.404235839844,7196.576782226561,171.83727874755857,0.18101790249347682,0.5564282029867171,0.3438676863908767,10310.515917968749,203.55706634521476,0.17044626772403715,0.3520779892802238,0.27434014678001406,0.33717558979988094,3107.9208984375,2629.84326171875,201.68406677246094,0.9801140427589417,0.36717867851257324,0.9085128307342529,5851.107421875,298.4311218261719,0.973956823348999,0.5172890424728394,0.8448143005371094,0.46260231733322144,5331.480422973625,5742.04476165771,206.69930877685528,0.2178166106343269,0.4914591994136569,0.2888888120651245,9464.30913696289,243.84984054565425,0.2365630686283111,0.5736440375447274,0.36029204279184346,0.5969418190419674,6776.29150390625,7061.1005859375,383.0696716308594,0.8575955033302307,0.7984582781791687,0.5806482434272766,13258.85546875,439.5603942871094,0.9938773512840271,0.44638487696647644,0.8674533367156982,0.500641405582428,3512.0804443359375,4369.1602783203125,192.39458465576172,0.3759538531303406,0.3646754175424576,0.3830108195543289,6266.653076171875,220.84605407714844,0.19192169606685638,0.5319832563400269,0.2944624274969101,0.23008865118026733,0.2478386167146974,0.5965417867435159,0.15561959654178675,0.15561959654178675,0.5965417867435159,0.15561959654178675,0.2478386167146974,0.046511627906976744,0.2558139534883721,0.0,0.046511627906976744,0.2558139534883721,0.0,0.2222222222222222,0.0,0.0,0.38372093023255816,0.2037037037037037
Sample_94,6506.25830078125,10566.873046875,422.1434631347656,0.9582875370979309,0.6519364714622498,0.7900729179382324,16342.4091796875,506.97808837890625,0.9649919271469116,0.5715873837471008,0.8472902178764343,0.6287111043930054,8497.425439453124,8313.245214843748,216.45165405273434,0.23663786649703977,0.5540409505367276,0.33504872322082513,13995.606835937497,289.10507202148426,0.23914778232574463,0.4533922910690307,0.27745372653007494,0.3121773481369017,3039.95947265625,3530.99951171875,218.9703369140625,0.9896236658096313,0.41513535380363464,0.9033764600753784,6772.5751953125,314.3187255859375,0.982036292552948,0.5838602781295776,0.8481656312942505,0.5800583362579346,6619.9656616210905,8491.803927612302,253.12245521545398,0.1433865651488304,0.5056160002946853,0.25444892793893814,14009.455303955076,299.97593193054183,0.18080764412879946,0.6028437018394468,0.28822980225086214,0.4098902396857738,5687.54931640625,6225.72119140625,382.346923828125,0.8896743059158325,0.7997565269470215,0.5687475800514221,12516.0009765625,428.6439208984375,0.9718984961509705,0.44783031940460205,0.871886670589447,0.5512723326683044,6115.323168945311,5582.7584472656235,204.4597579956054,0.4341808408498764,0.46251572966575616,0.3982574835419652,6902.300830078124,191.85947265624998,0.24450130164623263,0.4346937179565429,0.3141903102397918,0.39652024805545805,0.3114754098360656,0.43989071038251365,0.24863387978142076,0.24863387978142076,0.43989071038251365,0.24863387978142076,0.3114754098360656,0.0,0.39473684210526316,0.0,0.0,0.39473684210526316,0.0,0.11801242236024845,0.0,0.0,0.39473684210526316,0.02197802197802198
Sample_95,2559.5380859375,9256.236328125,376.33477783203125,0.9629356265068054,0.561363697052002,0.8108367919921875,12104.7724609375,431.1681823730469,1.0,0.571507453918457,0.8483186364173889,0.7841930389404297,4895.778424072264,9772.804077148434,211.42208061218264,0.21050809919834135,0.6879846710711717,0.2769706577062606,13461.687207031247,380.8833419799804,0.20230977535247807,0.5888998046517371,0.32139622867107387,0.18156698346138,3474.39794921875,2990.755859375,207.0998992919922,0.9674633741378784,0.3671380877494812,0.9038980007171631,6470.41064453125,305.43280029296875,0.9603273868560791,0.507055401802063,0.8567924499511719,0.4708825945854187,5381.218301391602,6289.2983535766625,197.9088941574097,0.20594903826713562,0.4911774605512619,0.2224076181650162,8579.293511962891,209.42712707519533,0.22850257754325864,0.5689310610294344,0.3269052609801293,0.5226979427039624,4465.45654296875,6432.65478515625,414.72381591796875,0.8669281005859375,0.6320038437843323,0.48499080538749695,10434.0546875,402.65435791015625,1.0,0.35061153769493103,0.8665657639503479,0.5902540683746338,3909.440930175781,5026.447021484375,451.85107574462893,0.27355273962020876,0.5342893868684768,0.5740183986723423,5819.834667968749,174.63669128417968,0.14709831774234772,0.46490440666675564,0.2702900648117066,0.27431440949440006,0.19174041297935104,0.7109144542772862,0.09734513274336283,0.09734513274336283,0.7109144542772862,0.09734513274336283,0.19174041297935104,0.0,0.35384615384615387,0.0,0.0,0.35384615384615387,0.0,0.1908713692946058,0.0,0.016597510373443983,0.2153846153846154,0.09090909090909091
Sample_96,4103.2412109375,8114.5830078125,340.94903564453125,0.9651801586151123,0.5799667835235596,0.813433051109314,12232.912109375,427.8951416015625,0.9828809499740601,0.6058095097541809,0.8288073539733887,0.6619476079940796,8456.508728027344,15768.70620727539,273.77951431274414,0.21988923847675323,0.5336443595588207,0.3500771149992943,22076.048400878906,342.30084228515625,0.20260576158761978,0.5014195144176483,0.3596252053976059,0.3270951732993126,2082.755859375,2168.3955078125,176.29226684570312,1.0,0.425498366355896,0.9016126394271851,4063.713623046875,244.73153686523438,1.0,0.5375508069992065,0.8557604551315308,0.5416795015335083,3870.668472290038,5179.036125183094,201.92870235443115,0.1894070833921433,0.48191382698714735,0.2761180028319359,8783.326885986313,238.22550888061517,0.15707197934389117,0.42180178835988036,0.3208392411470413,0.4356066234409808,5207.7978515625,6361.5107421875,379.30419921875,0.8798091411590576,0.703214168548584,0.5779889822006226,10640.541015625,411.35076904296875,0.9761472940444946,0.5906449556350708,0.8980570435523987,0.5414663553237915,4457.921520996094,4530.80167236328,138.31152420043946,0.2978137999773025,0.49475476220250125,0.5187907293438911,6367.881787109374,168.12080383300776,0.13886442482471462,0.4930695898830891,0.3564349606633186,0.31651364862918857,0.5045317220543807,0.38972809667673713,0.10574018126888217,0.10574018126888217,0.38972809667673713,0.10574018126888217,0.5045317220543807,0.03592814371257485,0.20958083832335328,0.005988023952095809,0.03592814371257485,0.20958083832335328,0.005988023952095809,0.015503875968992248,0.0,0.0,0.09580838323353294,0.05714285714285714
Sample_97,2148.57373046875,8623.73828125,350.2523193359375,0.9861443638801575,0.5278779864311218,0.8324102759361267,10723.384765625,397.0729064941406,0.9833023548126221,0.5493656396865845,0.8756003379821777,0.8108213543891907,6787.233966064454,7434.502539062501,178.69930725097657,0.16963671445846562,0.3480757921934129,0.35396257042884827,11147.131982421877,222.62142028808597,0.18329345583915713,0.3883709460496904,0.26787011623382573,0.354159039258957,2283.14794921875,2158.709716796875,167.78997802734375,1.0,0.4167911410331726,0.8912830352783203,4468.12353515625,255.39254760742188,0.9625277519226074,0.5628577470779419,0.840423583984375,0.4964950978755951,2885.6568298339844,3532.7074584960938,141.492506980896,0.1421172171831131,0.4418507218360901,0.27041638642549515,4260.900482177734,142.1733055114746,0.1941235437989235,0.6728469952940941,0.32835640013217926,0.48383352905511856,3684.09912109375,5939.57080078125,381.6000671386719,0.7945740222930908,0.8114740252494812,0.5734236240386963,9075.5009765625,400.173095703125,0.9909127354621887,0.4365432560443878,0.9329857230186462,0.5983701944351196,3839.4255981445312,2795.0028076171875,135.9362564086914,0.26487264037132263,0.3959346264600754,0.3127359300851822,5510.6905517578125,160.8151397705078,0.1407819390296936,0.44198644161224365,0.15550774335861206,0.1882423460483551,0.3522267206477733,0.3441295546558704,0.30364372469635625,0.30364372469635625,0.3441295546558704,0.30364372469635625,0.3522267206477733,0.05747126436781609,0.42528735632183906,0.0,0.05747126436781609,0.42528735632183906,0.0,0.0,0.011764705882352941,0.0,0.04597701149425287,0.0
Sample_98,5880.119140625,11656.2421875,426.38812255859375,0.9582915306091309,0.6615962982177734,0.7971449494361877,17683.82421875,532.6978149414062,0.9943076968193054,0.5591452121734619,0.8357049822807312,0.6499391794204712,10497.868157958985,11485.476416015621,206.37368164062497,0.2277890637516975,0.734691759943962,0.5099375277757643,16560.774682617186,286.7227783203124,0.24521305114030834,0.6193464249372481,0.31106808632612226,0.42300103902816766,3007.83203125,3249.3017578125,209.63336181640625,0.9875816106796265,0.3639960289001465,0.8979141712188721,6063.099609375,303.0794677734375,0.988243579864502,0.48174989223480225,0.8624176383018494,0.501578688621521,3982.6053466796875,7345.181526184082,225.64872646331787,0.16124297678470612,0.4717594552785158,0.25421835482120514,10792.457916259766,250.6143398284912,0.25524216890335083,0.6280669216066599,0.35471928119659424,0.49381983652710915,5759.77587890625,6121.455078125,393.7152099609375,0.8310930728912354,0.7618732452392578,0.5444492101669312,11547.8310546875,405.2821044921875,0.9773146510124207,0.42641401290893555,0.8582050204277039,0.5012838244438171,5259.8399658203125,5301.527099609375,213.93287658691406,0.26822903752326965,0.6516197174787521,0.3108590841293335,7391.810791015625,178.4633026123047,0.1258353292942047,0.657606229186058,0.2899961769580841,0.2581753134727478,0.33986928104575165,0.4673202614379085,0.19281045751633988,0.19281045751633988,0.4673202614379085,0.19281045751633988,0.33986928104575165,0.028846153846153848,0.5288461538461539,0.0,0.028846153846153848,0.5288461538461539,0.0,0.11188811188811189,0.027972027972027972,0.027972027972027972,0.3173076923076923,0.2033898305084746
Sample_99,4517.6552734375,9845.859375,413.00396728515625,1.0,0.6244299411773682,0.8072258234024048,14501.8359375,463.04541015625,0.9577034711837769,0.6108685731887817,0.800163745880127,0.7055290937423706,9435.933807373047,21042.19158935547,298.66518211364746,0.1887597069144249,0.38960330560803413,0.2657155618071556,25526.885131835938,432.12012100219727,0.30270465463399887,0.38749881461262703,0.2893604263663292,0.2798256129026413,3709.661865234375,3530.833984375,218.59857177734375,0.9948649406433105,0.4165616035461426,0.8904250264167786,6996.2353515625,314.0503845214844,0.9654272794723511,0.4663093686103821,0.8509221076965332,0.49871528148651123,5264.658544921875,5361.220828247071,172.03883323669436,0.16633522063493733,0.5461468804627657,0.2520919188857078,7358.943634033202,244.8294651031495,0.23027103394269943,0.44878272861242297,0.2950772807002068,0.5196744509041311,6227.27734375,6371.56689453125,393.7626953125,0.8488694429397583,0.8063048124313354,0.5596878528594971,12805.1875,428.10845947265625,0.9854037761688232,0.4551653265953064,0.8634191751480103,0.5223804712295532,5864.977844238281,5758.278106689453,224.70814895629883,0.35482101887464523,0.4032806232571602,0.3817427307367325,7510.5980224609375,193.2154541015625,0.19071734696626663,0.5295254308730364,0.362284779548645,0.3963840454816818,0.19407894736842105,0.46381578947368424,0.34210526315789475,0.34210526315789475,0.46381578947368424,0.34210526315789475,0.19407894736842105,0.06779661016949153,0.03389830508474576,0.0,0.06779661016949153,0.03389830508474576,0.0,0.1702127659574468,0.0,0.0,0.3050847457627119,0.10576923076923077
